entity,relation,NewNode
锰中毒,并发症,抑郁症
流感病毒肺炎,并发症,菌血症
Leber遗传性视神经病变,并发症,视神经萎缩
老年期抑郁障碍,并发症,心力衰竭
良性阵发性腹膜炎综合征,并发症,荨麻疹
感应性妄想性障碍,并发症,心脏病
感应性妄想性障碍,并发症,休克
氯喹中毒,并发症,休克
良性前列腺增生,并发症,肾积水
良性前列腺增生,并发症,血尿
良性前列腺增生,并发症,肾功能衰竭
老年肺炎,并发症,心力衰竭
烧伤,并发症,休克
粘连性中耳炎,并发症,乙状窦血栓性静脉炎
烧伤感染,并发症,菌血症
烧伤,并发症,急性肾功能衰竭
烧伤休克,并发症,急性肾功能衰竭
麻疹,并发症,心肌炎
麻疹,并发症,急性喉炎
淋病,并发症,精囊炎
麻疹,并发症,金黄色葡萄球菌肺炎
慢性扁桃体炎,并发症,急性肾炎
感染性疾病所致贫血,并发症,休克
肝脏外伤,并发症,急性肾功能衰竭
肝炎病毒相关风湿病,并发症,心肌炎
感染性疾病所致贫血,并发症,心脏病
心内膜垫缺损,并发症,三尖瓣关闭不全
腺样体炎,并发症,急性肾炎
小儿麻疹,并发症,心肌炎
肝硬化性肾损害,并发症,肾结石
肝炎病毒相关风湿病,并发症,结节性多动脉炎
小儿麻疹,并发症,小儿支气管炎
肝脏外伤,并发症,休克
肝硬化性肾损害,并发症,上消化道出血
原发性高脂蛋白血症与黄瘤增生病,并发症,心肌梗死
周边葡萄膜炎,并发症,视神经萎缩
十字韧带损伤,并发症,膝关节骨性关节炎
谵妄综合征,并发症,意识障碍
真菌性角膜炎,并发症,细菌性角膜溃疡
原发性高血压,并发症,心力衰竭
原发性高血压,并发症,心律失常
锰中毒,并发症,嗜睡症
中毒性弱视,并发症,斜视
锁骨骨折,并发症,血管损伤
阑尾寄生虫病,并发症,急性腹膜炎
睾丸女性化,并发症,小阴茎
高温引起的溶血性贫血,并发症,休克
淋菌性肛门直肠炎,并发症,宫外孕
高温引起的溶血性贫血,并发症,心肌病
高温引起的溶血性贫血,并发症,肾功能衰竭
锁骨骨折,并发症,肺损伤
钴及其化合物引起的皮肤病,并发症,瘙痒症
宫颈复发癌,并发症,肾功能衰竭
淤滞性紫癜,并发症,湿疹
性交晕厥,并发症,晕厥
淤滞性皮下硬化症,并发症,下肢静脉血栓形成
原发性单克隆免疫球蛋白病,并发症,淋巴瘤
原发性肠系膜肿瘤,并发症,纤维瘤病
原发免疫性疾病相关的淋巴增殖性疾病,并发症,淋巴瘤
幼年型皮肌炎,并发症,肝大
脂溢性皮炎,并发症,酒渣鼻
跖疣,并发症,寻常疣
真菌过敏症,并发症,荨麻疹
志贺菌病,并发症,菌血症
志贺菌病,并发症,关节炎
真菌过敏症,并发症,湿疹
跖疣,并发症,疣
视网膜动脉阻塞,并发症,视神经萎缩
视网膜动脉阻塞,并发症,视网膜中央动脉阻塞
真菌过敏症,并发症,接触性皮炎
水杨酸类中毒,并发症,休克
流行性感冒,并发症,心律失常
骨髓-胰腺综合征,并发症,肾功能衰竭
肱骨髁间骨折,并发症,血管损伤
淋巴炎,并发症,颈部淋巴结转移癌
高血压病伴发的精神障碍,并发症,心力衰竭
雷诺病,并发症,骨髓炎
流行性感冒,并发症,肝大
宫颈妊娠,并发症,休克
颅狭症,并发症,骨髓炎
感染性心内膜炎肾损害,并发症,心力衰竭
流行性感冒,并发症,中毒性休克综合征
流行性感冒,并发症,细菌性肺炎
颅狭症,并发症,脊柱裂
手足口病,并发症,心肌炎
氯丙嗪类中毒,并发症,斜颈
颅狭症,并发症,先天性心脏病
高血压脑出血,并发症,休克
高血压性心肌病,并发症,心律失常
高血压性心肌病,并发症,心力衰竭
新生儿持续性肺动脉高压,并发症,心力衰竭
蕈样真菌病和Sezary综合征,并发症,淋巴瘤
鲜红斑痣,并发症,血管瘤
血栓性静脉炎,并发症,静脉血栓形成
自由生活阿米巴感染,并发症,角膜炎
肺泡-毛细血管阻滞综合征,并发症,老年人急性左心衰竭
原发性婴幼儿型青光眼,并发症,角膜炎
原发性心脏淋巴瘤,并发症,心肌梗死
原发性限局性皮肤淀粉样变,并发症,湿疹
原发性纤维蛋白溶解症,并发症,血尿
原发性小肠溃疡,并发症,消化道出血
原发性巨球蛋白血症,并发症,肾病综合征
真菌性食管炎,并发症,上消化道出血
原发性心脏淋巴瘤,并发症,心律失常
原发性心脏淋巴瘤,并发症,心力衰竭
原发性巨球蛋白血症肾损害,并发症,急性肾功能衰竭
真两性畸形,并发症,隐睾
脂蛋白肾小球病,并发症,肾功能衰竭
颈椎椎体楔形压缩骨折,并发症,脊神经根炎
输卵管妊娠,并发症,休克
链球菌感染后的急性肾小球肾炎,并发症,急性肾功能衰竭
流行性出血热,并发症,心律失常
肝结核,并发症,休克
输卵管粘连,并发症,不孕症
流行性出血热,并发症,胸腔积液
流行性出血热,并发症,休克
链球菌感染后的急性肾小球肾炎,并发症,心力衰竭
流行性出血热,并发症,意识障碍
老年痴呆,并发症,吸入性肺炎
狼疮性肾炎,并发症,股骨头坏死
钩虫性十二指肠炎综合征,并发症,嗜酸粒细胞增多症
性病神经症,并发症,性功能障碍
新生儿低钠血症,并发症,新生儿惊厥
胸、腰椎椎体单纯性、楔形压缩骨折,并发症,腰肌劳损
新生儿咽下综合征,并发症,新生儿窒息
肺吸虫病,并发症,胸腔积液
风疹,并发症,关节炎
新生儿低钠血症,并发症,休克
放线菌病,并发症,胸腔积液
风疹,并发症,消化道出血
新生儿寒冷损伤综合征,并发症,休克
新生儿先天性胆道闭锁,并发症,消化道出血
风疹,并发症,急性单纯疱疹病毒性脑炎
新生儿咽下综合征,并发症,吸入性肺炎
风疹,并发症,肾病综合征
肺静脉异位引流,并发症,心律失常
原发性脾淋巴瘤,并发症,休克
原发性青少年型青光眼,并发症,近视眼
原发性慢性闭角型青光眼,并发症,视神经萎缩
幼年型疱疹样皮炎,并发症,急性肾炎
真菌性关节炎,并发症,骨髓炎
原发性皮肤滤泡中心细胞性淋巴瘤,并发症,老年人结节病
结节性液化性脂膜炎,并发症,胰腺癌
手掌深部间隙感染,并发症,骨髓炎
Ⅲ型超敏反应性疾病,并发症,休克
手掌深部间隙感染,并发症,休克
谵妄,并发症,意识障碍
食物变应性和不耐受性,并发症,哮喘
嗜铬细胞瘤,并发症,心力衰竭
嗜酸性筋膜炎,并发症,心包积液
嗜铬细胞瘤,并发症,心律失常
松果体瘤,并发症,消化道出血
硫化氢中毒,并发症,心绞痛
硫化氢中毒,并发症,急性呼吸窘迫综合征
硫化氢中毒,并发症,意识障碍
嗜酸性细胞增多症,并发症,哮喘
赖利-戴综合征,并发症,吸入性肺炎
肝损伤,并发症,休克
卵巢囊肿,并发症,卵巢癌
肝外胆管损伤,并发症,休克
心房内传导阻滞,并发症,心力衰竭
钩虫病,并发症,消化道出血
心房内传导阻滞,并发症,晕厥
小颌畸形综合征,并发症,吸入性肺炎
膈下脓肿,并发症,消化道出血
膈下脓肿,并发症,胸腔积液
小儿椎管内肿瘤,并发症,脊柱侧弯
分裂情感性精神病,并发症,抑郁症
腹股沟肉芽肿,并发症,鳞状细胞癌
小儿中暑和暑热症,并发症,休克
分裂情感性精神病,并发症,精神分裂症
分离性垂直偏斜,并发症,斜视
小儿中暑和暑热症,并发症,小儿高热
反应性精神病,并发症,精神分裂症
小儿阻塞性睡眠呼吸暂停,并发症,心律失常
痱子,并发症,疖
痢疾后综合症,并发症,胸膜炎
小儿椎管内肿瘤,并发症,斜颈
小儿阻塞性睡眠呼吸暂停,并发症,婴儿猝死综合征
肺动脉闭锁,并发症,心力衰竭
鹦鹉热衣原体肺炎,并发症,静脉炎
婴儿性骨皮质增生症,并发症,胸腔积液
婴儿及儿童期癫痫及癫痫综合征,并发症,新生儿窒息
造影剂肾病,并发症,肾功能衰竭
婴幼儿型内斜视,并发症,眼球震颤
婴儿黑矇性痴呆,并发症,视神经萎缩
鹦鹉热,并发症,心肌炎
直肠子宫内膜异位症,并发症,不孕症
足舟骨骨折,并发症,休克
婴儿肉毒中毒综合征,并发症,婴儿猝死综合征
鹦鹉热衣原体肺炎,并发症,心肌炎
婴儿纤维错构瘤,并发症,纤维肉瘤
肾上腺危象,并发症,休克
肾上腺危象,并发症,嗜睡症
角膜基质炎,并发症,视神经萎缩
舌扁平苔藓,并发症,舌下间隙感染
急性化脓性胃炎,并发症,急性腹膜炎
肌张力不全型脑瘫,并发症,斜视
肩关节周围炎,并发症,先天性多发性关节挛缩症
视束病变,并发症,血管瘤
视束病变,并发症,视神经脊髓炎
肾癌,并发症,血尿
食管裂孔疝,并发症,上消化道出血
卵巢残余综合征,并发症,卵巢癌
淋巴瘤细胞白血病,并发症,胸腔积液
神经鞘瘤,并发症,胶质细胞瘤
淋巴瘤细胞白血病,并发症,心包积液
联合免疫缺陷病,并发症,淋巴瘤
联合免疫缺陷病,并发症,荨麻疹
联合免疫缺陷病,并发症,哮喘
联合免疫缺陷病,并发症,湿疹
三叉神经痛,并发症,抑郁症
联合免疫缺陷病,并发症,急性淋巴细胞性白血病
慢性筛窦炎,并发症,硬脑膜下血肿
慢性乳突炎,并发症,眩晕
慢性筛窦炎,并发症,眼球突出
膈疝,并发症,休克
高渗性非酮症性糖尿病昏迷,并发症,肾功能衰竭
小儿阵发性室性心动过速,并发症,晕厥
膈疝,并发症,胸膜炎
小儿阵发性室性心动过速,并发症,休克
小儿硬皮病,并发症,心律失常
小儿阵发性室性心动过速,并发症,心力衰竭
小儿远端肾小管酸中毒,并发症,肾结石
小儿硬皮病,并发症,吸收不良综合征
格林－巴利综合征,并发症,抑郁症
格林－巴利综合征,并发症,焦虑症
肝豆状核变性,并发症,上消化道出血
高渗性非酮症性糖尿病昏迷,并发症,心力衰竭
高渗性非酮症性糖尿病昏迷,并发症,心律失常
小儿遗传性大疱性表皮松解症,并发症,心律失常
肥大性脊椎炎,并发症,腰部峡部崩裂和脊椎滑脱
原发性系统性淀粉样变,并发症,急性心功能不全
小儿一氧化碳中毒,并发症,一氧化碳中毒后迟发性脑病
营养代谢疾病伴发的精神障碍,并发症,眼球震颤
肥胖性心肌病,并发症,心律失常
分泌性中耳炎,并发症,鼓室硬化症
小儿遗传性大疱性表皮松解症,并发症,肌营养不良症
银屑病甲,并发症,肾功能衰竭
营养代谢障碍疾病,并发症,牙周病
幼年型粒-单核细胞白血病,并发症,湿疹
真菌性心包炎,并发症,心包积液
急性硬脑膜下血肿,并发症,上消化道出血
中耳炎,并发症,急性化脓性中耳炎
脊髓分裂症,并发症,隐性脊柱裂
脊髓分裂症,并发症,脊椎结核后突畸形
吉特林综合征,并发症,巨细胞病毒病
滋养细胞肿瘤,并发症,肾病综合征
结节性甲状腺肿,并发症,甲状腺结节
脊髓分裂症,并发症,小脑扁桃体下疝
结节性甲状腺肿,并发症,甲状腺腺瘤
结节性甲状腺肿,并发症,甲状腺癌
脊髓分裂症,并发症,脊柱侧弯
真菌性巩膜炎,并发症,眼球内陷
肾创伤,并发症,肾结石
肾盂肿瘤和输尿管肿瘤,并发症,精索静脉曲张
肾上腺髓质功能亢进,并发症,血管瘤
肾上腺髓质功能亢进,并发症,纤维瘤病
拉沙热,并发症,急性肾功能衰竭
拉沙热,并发症,休克
肾创伤,并发症,肾积水
肾创伤,并发症,肾盂肾炎
肾损伤,并发症,肾积水
拉休尤-格拉哈姆-利特尔综合征,并发症,抑郁症
肾损伤,并发症,肾结石
肾创伤,并发症,肾动静脉瘘
高血压肾病,并发症,心脏病
狼疮肾炎,并发症,肾病综合征
莱姆心脏炎,并发症,心律失常
输尿管结石,并发症,肾积水
莱姆心脏炎,并发症,心肌病
高渗性脱水,并发症,休克
梗阻性尿路疾病,并发症,肾积水
肝性脑病,并发症,消化道出血
小儿药物性肾损害,并发症,肾病综合征
肝硬化,并发症,休克
小儿药物变态反应,并发症,哮喘
肥大细胞白血病,并发症,休克
膈扑动,并发症,心律失常
小儿心力衰竭,并发症,心力衰竭
非阵发性交接区性心动过速,并发症,心律失常
右心房与下腔静脉平滑肌瘤,并发症,胸腔积液
游走脾,并发症,急性腹膜炎
周期性内斜视,并发症,斜视
小儿心内膜弹力纤维增生症,并发症,心源性休克
硬脑膜动静脉畸形,并发症,脊髓缺血
遗传性肾炎,并发症,先天性肛门直肠畸形
周期性动眼神经麻痹,并发症,上睑下垂
遗传性肾炎,并发症,选择性IgA缺乏症
主动脉瓣闭锁不全,并发症,心律失常
主动脉瓣闭锁不全,并发症,心力衰竭
颈部纤维瘤,并发症,颈椎病
急性视网膜坏死综合征,并发症,视神经萎缩
肾上腺性征异常症,并发症,阳痿
肾上腺性征异常症,并发症,性欲减退
中老年男子部分性雄激素缺乏综合征,并发症,老年人前列腺增生症
散发性脑炎,并发症,疖
神经症,并发症,遗精
神经症,并发症,阳痿
雷诺氏病,并发症,骨髓炎
冠状动脉异位起源,并发症,心力衰竭
淋巴癌,并发症,吸收不良综合征
链球菌中毒性休克综合征,并发症,心力衰竭
冠状动脉异位起源,并发症,心肌缺血
淋巴癌,并发症,痒疹
肾气不固,并发症,早泄
淋巴癌,并发症,瘙痒症
肾气不固,并发症,遗尿
冠状动脉终止异常,并发症,心包积液
冠状动脉终止异常,并发症,心律失常
Goodpasture综合征,并发症,肾病综合征
小儿先天性甲状腺功能减低症,并发症,胸腔积液
小儿先天性甲状腺功能减低症,并发症,心包积液
小儿先天性直肠肛门畸形,并发症,肾积水
小儿下丘脑错构瘤,并发症,性早熟
高血压危象,并发症,急性肾功能衰竭
过敏性休克,并发症,意识障碍
小儿下腔静脉阻塞综合征,并发症,下肢静脉曲张
汞中毒,并发症,肾功能衰竭
小儿先天性直肠肛门畸形,并发症,先天性肛门直肠畸形
高血压危象,并发症,急性心力衰竭
肺良性淋巴细胞血管炎和肉芽肿病,并发症,心肌梗死
肺毛霉病,并发症,心肌梗死
肺弓形体病,并发症,心包积液
感染性休克,并发症,急性呼吸窘迫综合征
月经性哮喘,并发症,哮喘
真性小眼球,并发症,眼球震颤
神经症,并发症,月经不调
间插血吸虫病,并发症,急性阑尾炎
失盐性肾炎,并发症,心力衰竭
散发性脑炎伴发的精神障碍,并发症,意识障碍
间插血吸虫病,并发症,结肠癌
输卵管阻塞,并发症,不孕症
睑外翻,并发症,角膜炎
慢性化脓性中耳炎,并发症,眩晕
冠心病,并发症,心肌梗死
感染性心内膜炎,并发症,心律失常
双胎妊娠,并发症,羊水过多
镉中毒,并发症,心肌炎
膈膨出和麻痹,并发症,脊椎结核
泪液分泌过多,并发症,眼睑湿疹
手足徐动性脑瘫,并发症,精神发育迟滞
小儿糖尿病肾病,并发症,肾病综合征
小儿特发性室性心动过速,并发症,心力衰竭
小儿特发性室性心动过速,并发症,心源性休克
非阵发性窦性心动过速,并发症,心律失常
非阵发性窦性心动过速,并发症,心肌病
眼底出血,并发症,视神经萎缩
胰腺结核,并发症,胰腺假性囊肿
放射性皮炎,并发症,纤维肉瘤
中毒性肾病,并发症,急性肾功能衰竭
基底细胞癌,并发症,湿疹
自发性食管破裂,并发症,胸膜炎
阴道炎,并发症,宫颈糜烂
自发性食管破裂,并发症,休克
咽炎,并发症,急性喉炎
急性肾功能不全,并发症,急性肾功能衰竭
沙眼衣原体肺炎,并发症,心肌炎
流行性腮腺炎,并发症,心肌炎
流行性腮腺炎,并发症,睾丸炎
流行性腮腺炎,并发症,脊髓灰质炎
神昏,并发症,血厥
神昏,并发症,晕厥
肾精亏虚,并发症,遗精
神昏,并发症,中暑
输卵管阻塞,并发症,月经不调
急性肾功能不全,并发症,心力衰竭
甲流,并发症,胸膜炎
慢性劳损性腰背痛,并发症,急性腰扭伤
小儿渗出性多形性红斑,并发症,胸腔积液
小儿渗出性多形性红斑,并发症,心肌炎
小儿渗出性多形性红斑,并发症,中毒性休克综合征
肝纤维化,并发症,酒精性肝病
房性心动过速伴房室传导阻滞,并发症,心肌炎
小儿色素失调症,并发症,眼球震颤
肝纤维化,并发症,原发性硬化性胆管炎
Gardner综合征,并发症,消化道出血
功能性呕吐,并发症,心肌梗死
小儿色素荨麻疹,并发症,小儿呕吐
肝纤维化,并发症,血吸虫病
肝纤维化,并发症,血色病
功能性呕吐,并发症,急性阑尾炎
功能性呕吐,并发症,幽门梗阻
肝性脊髓病,并发症,休克
功能性呕吐,并发症,急性胃肠炎
功能性呕吐,并发症,急性盆腔炎
功能性呕吐,并发症,急性胰腺炎
链球菌性咽炎,并发症,急性淋巴结炎
链球菌性咽炎,并发症,咽旁脓肿
链球菌性咽炎,并发症,咽后脓肿
连续性肢端皮炎,并发症,手足癣
肝性脊髓病,并发症,原发性肝癌
房室折返性心动过速,并发症,心源性休克
房室折返性心动过速,并发症,晕厥
房室折返性心动过速,并发症,心绞痛
范科尼综合征,并发症,肾结石
婴儿型黑矇性痴呆,并发症,意识障碍
婴儿型黑矇性痴呆,并发症,视神经萎缩
房室交接区逸搏和逸搏心律,并发症,晕厥
脊髓小脑性共济失调,并发症,心力衰竭
结肠类癌,并发症,休克
结肠破裂,并发症,结肠瘘
结肠类癌,并发症,心力衰竭
脊髓小脑性共济失调,并发症,心肌病
真性红细胞增多症,并发症,心肌梗死
再生障碍性贫血,并发症,血色病
莱姆病,并发症,心肌炎
肝-甲状腺综合征,并发症,胸膜炎
小儿脾外伤,并发症,休克
恋物癖,并发症,早泄
小儿尿石症,并发症,肾积水
小儿全远端型肾小管酸中毒,并发症,肾结石
类鼻疽,并发症,骨髓炎
类鼻疽,并发症,心包积液
肝-甲状腺综合征,并发症,关节炎
恋物癖,并发症,阳痿
莱姆病,并发症,急性心包炎
恋物癖,并发症,性厌恶
镁缺乏症,并发症,心律失常
非特异性间质肺炎,并发症,心力衰竭
放射性心包炎,并发症,心包积液
非结核性分枝杆菌关节炎,并发症,骨髓炎
慢性支气管炎,并发症,支气管哮喘
放射性心脏损害,并发症,心律失常
原发性脑干损伤,并发症,消化道出血
月经量少,并发症,关节炎
幽闭空间恐惧症,并发症,焦虑症
运动性闭经,并发症,不孕症
周围神经病损,并发症,先天性膀胱颈挛缩
洁癖,并发症,抑郁症
结肠血管畸形,并发症,休克
洁癖,并发症,焦虑症
脚癣,并发症,湿疹
脚癣,并发症,甲癣
脚癣,并发症,手癣
脊髓半切综合征,并发症,静脉血栓形成
梭形细胞血管内皮细胞瘤,并发症,血管内皮瘤
接触性唇炎,并发症,皲裂疮
非梭状芽胞杆菌肌坏死,并发症,肾功能衰竭
水痘肺炎,并发症,休克
双眼上斜肌麻痹,并发症,斜视
第四脑室肿瘤,并发症,视神经萎缩
单纯疱疹性葡萄膜炎,并发症,角膜病
双重输尿管,并发症,肾发育不全
淋病合并症精囊炎,并发症,睾丸炎
淋病合并症前列腺炎,并发症,血尿
卵巢破裂,并发症,休克
淋病合并症前列腺炎,并发症,睾丸炎
双重输尿管,并发症,肾盂输尿管连接部梗阻
卵巢肿瘤破裂,并发症,畸胎瘤
淋病合并症前列腺炎,并发症,精囊炎
颅内肿瘤性出血,并发症,心律失常
跟骨骨折,并发症,血管损伤
小儿神经源性膀胱,并发症,肾积水
肱骨干骨折,并发症,血管损伤
骨肉瘤,并发症,心脏病
颅内肿瘤性出血,并发症,急性心肌梗死
骨折,并发症,下肢深静脉血栓形成
非结核性分枝杆菌病,并发症,骨髓炎
小儿军团病肾病,并发症,胸膜炎
非典型纤维黄色瘤,并发症,结节病
泛发性特发性毛细血管扩张,并发症,经行发热
非结核分枝杆菌性角膜炎,并发症,细菌性角膜溃疡
腹卒中综合征,并发症,休克
阵发性室上性心动过速,并发症,老年人急性左心衰竭
营养代谢缺乏,并发症,叶酸缺乏神经病
阵发性室上性心动过速,并发症,晕厥
阵发性室上性心动过速,并发症,心绞痛
隐匿型冠状动脉粥样硬化性心脏病,并发症,心力衰竭
隐匿型冠状动脉粥样硬化性心脏病,并发症,心源性休克
隐匿型冠状动脉粥样硬化性心脏病,并发症,心律失常
牙科病,并发症,心脏病
眼睑闭合不全,并发症,上睑下垂
硬斑,并发症,硬皮病食管
眼睑闭合不全,并发症,眼睑皮肤弛缓症
左心发育不良,并发症,休克
主动脉夹层,并发症,急性肾功能衰竭
左心室双出口,并发症,三尖瓣下移畸形
结节性多动脉炎性巩膜炎,并发症,胸膜炎
主动脉夹层,并发症,血管损伤
结节性多动脉炎性巩膜炎,并发症,心肌炎
结节性多动脉炎性巩膜炎,并发症,心力衰竭
左心室双出口,并发症,心室间隔缺损
结核性胸膜炎,并发症,胸膜炎
焦磷酸钙沉积病,并发症,关节炎
结核性巩膜炎,并发症,急性闭角性青光眼
脊柱转移癌,并发症,眩晕
双向性室性心动过速,并发症,心动过速性心肌病
脊柱转移癌,并发症,嗜睡症
支气管肺炎,并发症,乳酸酸中毒
结核性巩膜炎,并发症,视盘炎
结核性巩膜炎,并发症,视盘水肿
结节性脆发病,并发症,结节病
束支折返性室性心动过速,并发症,心力衰竭
束支折返性室性心动过速,并发症,心绞痛
鼠螨叮咬,并发症,鼠疫
对苯二胺皮炎,并发症,湿疹
双侧肾缺如,并发症,消化道重复畸形
梅毒,并发症,心肌梗死
对苯二胺皮炎,并发症,接触性皮炎
颅内静脉窦闭塞性颅高压,并发症,上消化道出血
颅内脊索瘤,并发症,眩晕
颅内生殖细胞瘤,并发症,意识障碍
颅内静脉血栓形成,并发症,视盘水肿
颅内静脉血栓形成,并发症,意识障碍
弥漫性食管痉挛,并发症,晕厥
弥漫性食管痉挛,并发症,心律失常
弥漫性食管痉挛,并发症,心绞痛
小儿假膜性肠炎,并发症,休克
小儿急性髓样白血病,并发症,意识障碍
小儿急性化脓性甲状腺炎,并发症,甲亢
小儿急性髓样白血病,并发症,视盘水肿
免疫介导性肾脏病,并发症,急性肾功能衰竭
免疫介导性肾脏病,并发症,肾病综合征
免疫介导性肾脏病,并发症,急性肾小管坏死
慢性溃疡性结肠炎,并发症,心肌炎
麦胶性肠病,并发症,脚气病
房室传导阻滞,并发症,心律失常
房室传导阻滞,并发症,心肌梗死
慢性胰腺炎,并发症,胰腺假性囊肿
肺动静脉瘤,并发症,急性心肌梗死
肥厚型心肌病,并发症,心律失常
房室管畸形,并发症,三尖瓣关闭不全
慢性溃疡性结肠炎,并发症,结节性红斑
阴盛阳衰症,并发症,性功能障碍
阴囊丝虫病,并发症,心肌炎
阴囊丝虫病,并发症,淋巴水肿
早搏,并发症,休克
咽麻痹,并发症,咽肌痉挛
中暑衰竭,并发症,休克
阴囊丝虫病,并发症,急性淋巴结炎
真菌中毒症,并发症,肾功能衰竭
Zieve综合征,并发症,眼球震颤
早搏,并发症,心室扑动和心室颤动
真菌中毒症,并发症,神经型食物中毒
阴囊丝虫病,并发症,急性淋巴管炎
早搏,并发症,心性猝死综合征
主动脉瘤,并发症,肾功能衰竭
阴囊丝虫病,并发症,睾丸炎
结核性干性胸膜炎,并发症,胸膜炎
三叉神经营养性损害,并发症,角膜炎
Stargardt病,并发症,抑郁症
甲型副伤寒,并发症,骨髓炎
甲状腺结核,并发症,甲亢
角层下脓疱性皮肤病,并发症,瘙痒症
地方性甲状腺肿,并发症,甲状腺癌
胆囊胆固醇沉着症,并发症,急性胆囊炎
温抗体型自身免疫性溶血性贫血,并发症,小儿阵发性睡眠性血红蛋白尿症
温抗体型自身免疫性溶血性贫血,并发症,血卟啉病
梅毒肾病,并发症,心肌梗死
慢性劳损性颈背部筋膜纤维织炎,并发症,颈椎病
卵巢两性母细胞瘤,并发症,性早熟
卵巢卵黄囊瘤,并发症,卵巢癌
佝偻病,并发症,漏斗胸
小儿急性呼吸衰竭,并发症,肺损伤
股骨粗隆间骨折,并发症,下肢深静脉血栓形成
小儿呼吸道合胞病毒肺炎,并发症,心力衰竭
佝偻病,并发症,鸡胸
小儿过敏症,并发症,休克
Milk-Alkali综合征,并发症,肾功能衰竭
Milk-Alkali综合征,并发症,消化性溃疡
小儿后颅窝型脑积水综合征,并发症,脊髓空洞症
小儿关节过度活动综合征,并发症,脊柱侧凸
小儿关节过度活动综合征,并发症,肩关节脱位
腹膜后间隙出血,并发症,急性肾功能衰竭
腹膜后疝,并发症,中毒性休克综合征
腹膜后间隙出血,并发症,休克
小儿分离性焦虑症,并发症,小儿学校恐怖症
腹膜后腔液体渗病,并发症,急性胰腺炎
腹型癫痫综合征,并发症,结节性硬化病
腹膜后腔液体渗病,并发症,肾移植
月经过多,并发症,腺癌
月经过多,并发症,子宫内膜增生
主动脉瓣关闭不全,并发症,急性心肌梗死
阵发性室性心动过速,并发症,心肌梗死
阵发性室性心动过速,并发症,心力衰竭
支原体肺炎,并发症,心肌炎
阵发性室性心动过速,并发症,心肌病
阵发性室性心动过速,并发症,心动过速性心肌病
枕叶肿瘤,并发症,视神经萎缩
子宫肥大,并发症,宫颈糜烂
胰腺炎,并发症,胰腺假性囊肿
甲状腺功能亢进性心肌病,并发症,心力衰竭
间歇性斜视,并发症,斜视
甲状腺功能亢进性心肌病,并发症,心律失常
肩关节不稳定,并发症,肩关节脱位
金黄色葡萄球菌性肠炎,并发症,休克
胰腺炎,并发症,胰腺脓肿
间歇性斜视,并发症,间歇性外斜视
色素性皮肤病,并发症,色素痣
间歇性斜视,并发症,隐斜
输卵管卵巢脓肿,并发症,不孕症
低钾血症肾病,并发症,肾盂肾炎
短颈畸形,并发症,隐性脊柱裂
微小病毒感染,并发症,心力衰竭
稳定型心绞痛,并发症,心源性休克
慢性咽炎,并发症,急性喉炎
面神经瘤,并发症,眩晕
维生素D依赖性佝偻病,并发症,肾性氨基酸尿
慢性咽炎,并发症,急性鼻炎
慢性干燥性鼻炎,并发症,嗅觉障碍
慢性单纯性鼻炎,并发症,嗅觉障碍
磨损,并发症,牙周病
淋巴瘤引起的肾损害,并发症,急性肾功能衰竭
卵巢冠囊肿,并发症,不孕症
裂头绦虫病,并发症,休克
颅骨裂和有关畸形,并发症,脊柱裂
干燥综合征,并发症,淋巴瘤
淋巴瘤引起的肾损害,并发症,肾静脉血栓
颅骨裂和有关畸形,并发症,颅骨缺损
卵巢过度刺激综合征,并发症,胸腔积液
卵巢过度刺激综合征,并发症,心包积液
小儿房间隔缺损,并发症,心力衰竭
小儿多源性房性心动过速,并发症,心力衰竭
腹膜后感染与脓肿,并发症,菌血症
小儿房间隔缺损,并发症,小儿感染性心内膜炎
小儿多源性房性心动过速,并发症,心肌病
肺炎球菌肺炎,并发症,心肌炎
风湿性二尖瓣关闭不全,并发症,心律失常
小儿多器官功能障碍综合征,并发症,急性肾功能衰竭
肥厚型梗阻性心肌病,并发症,心律失常
小儿肺栓塞,并发症,肾病综合征
风湿性二尖瓣关闭不全,并发症,急性心力衰竭
风湿性二尖瓣狭窄,并发症,急性心力衰竭
小儿肺栓塞,并发症,心肌炎
慢性呼吸衰竭,并发症,休克
慢性呼吸衰竭,并发症,消化道出血
小儿发育性髋脱位,并发症,小儿骨折
子宫肌瘤,并发症,月经不调
子宫内膜异位症,并发症,不孕症
支原体感染,并发症,心肌炎
子宫发育异常,并发症,不孕症
腱鞘巨细胞瘤,并发症,纤维瘤病
小儿肺栓塞,并发症,血小板减少症
间歇性精神病,并发症,焦虑症
睡眠-觉醒节律障碍,并发症,抑郁症
视网膜分支动脉阻塞,并发症,视网膜中央动脉阻塞
视网膜分支动脉阻塞,并发症,视网膜中央静脉阻塞
多发性骨髓瘤,并发症,意识障碍
第Ⅱ、Ⅲ型脊髓血管畸形,并发症,性功能障碍
低钙血症和低镁血症,并发症,心律失常
典型预激综合征,并发症,休克
淀粉样变心肌病,并发症,心绞痛
淀粉样变心肌病,并发症,心律失常
淀粉样变病和淀粉样关节病,并发症,心律失常
胃肠道间质瘤,并发症,小肠肿瘤
碘源性甲亢,并发症,甲亢性心脏病
外伤性白内障,并发症,眼球破裂伤
胃结核,并发症,幽门梗阻
萎缩性咽炎,并发症,畸形性吞咽困难
外伤性白内障,并发症,交感性眼炎
麻疹样红斑型药疹,并发症,药疹
利德尔综合征,并发症,心肌梗死
利德尔综合征,并发症,心律失常
过敏性紫癜,并发症,哮喘
肝棘球蚴病,并发症,荨麻疹
慢性淋巴细胞白血病,并发症,急性髓细胞白血病
骨髓增生异常综合征,并发症,急性白血病
颅骨结核,并发症,颅骨缺损
过敏性紫癜,并发症,消化道出血
过敏性紫癜,并发症,肾病综合征
过敏性紫癜,并发症,肝大
骨髓增生异常综合征,并发症,系统性血管炎
骨髓增生异常综合征,并发症,急性髓细胞白血病
颅骨结核,并发症,结核性脑膜炎
小儿癫痫发作诱发失语综合征,并发症,意识障碍
小儿出血性疾病,并发症,休克
小儿喘息样支气管炎,并发症,哮喘
小儿播散性血管内凝血,并发症,心源性休克
肺念珠菌病,并发症,菌血症
肺曲菌病,并发症,哮喘
肺念珠菌病,并发症,心肌炎
小儿巴特综合征,并发症,肾功能衰竭
肺曲菌病,并发症,过敏性鼻炎
小儿出血性疾病,并发症,心力衰竭
小儿出血性疾病,并发症,消化道出血
麦粒肿,并发症,眼睑湿疹
腰椎间盘突出,并发症,血管损伤
噫气,并发症,消化性溃疡
疫斑热,并发症,心律失常
子宫息肉,并发症,宫颈癌
子宫息肉,并发症,不孕症
早产儿,并发症,早产儿贫血
早产儿,并发症,硬肿症
疫斑热,并发症,休克
胰痈,并发症,下消化道出血
早产儿,并发症,新生儿呼吸窘迫综合征
子宫息肉,并发症,宫颈息肉
胰痈,并发症,胰腺脓肿
近视,并发症,斜视
金属引起的口腔黏膜疾病,并发症,骨髓炎
进行性色素性紫癜性皮病,并发症,瘙痒症
筋膜间隔区综合征,并发症,急性肾功能衰竭
进行性骨干发育不良,并发症,视盘水肿
视神经疾病,并发症,视神经萎缩
金属性变色,并发症,细菌性肝脓肿
食管间质瘤,并发症,食管癌
神经性阳痿,并发症,早泄
骶骨骨折,并发症,休克
代谢性酸中毒,并发症,肾小管性酸中毒
淀粉样变性,并发症,小儿充血性心力衰竭
弯曲菌感染,并发症,菌血症
弯曲菌感染,并发症,骨髓炎
弯曲菌感染,并发症,关节炎
妄想症,并发症,精神分裂症
胃型哮喘,并发症,吸入性肺炎
子宫息肉,并发症,月经不调
龙线虫病,并发症,关节炎
流感嗜血杆菌感染,并发症,骨髓炎
睾丸扭转,并发症,睾丸炎
肝包虫病,并发症,荨麻疹
先天性肌缺如,并发症,斜颈
先天性肌缺如,并发症,上睑下垂
先天性眼球震颤,并发症,斜视
梗阻性肾病,并发症,菌血症
梗阻性肾病,并发症,肾积水
睾丸下降不全,并发症,不孕症
睾丸下降不全,并发症,睾丸肿瘤
磷脂酰胆碱-胆固醇酰基转移酶缺乏,并发症,肾功能衰竭
肺隐球菌病,并发症,胸腔积液
肺转移瘤,并发症,心律失常
肺栓塞,并发症,心源性休克
非典,并发症,休克
非典,并发症,消化道出血
肺转移瘤,并发症,胸腔积液
肺癌,并发症,心力衰竭
胰高糖素瘤综合征,并发症,静脉血栓形成
药物性狼疮,并发症,心肌炎
胰高血糖素瘤,并发症,视神经萎缩
肺癌,并发症,心律失常
胰高血糖素瘤,并发症,眼球震颤
下丘脑多汗症,并发症,疖
肺性脑病,并发症,上消化道出血
慢性额窦炎,并发症,骨髓炎
迷路窗破裂,并发症,眩晕
乙状结肠造口旁沟疝,并发症,休克
异常γ-球蛋白血症,并发症,寻常疣
迷路震荡,并发症,意识障碍
乙状结肠造口旁沟疝,并发症,急性弥漫性腹膜炎
直肠内异物,并发症,中毒性休克综合征
直肠癌,并发症,中毒性休克综合征
转移性胸膜肿瘤,并发症,胸腔积液
中风,并发症,意识障碍
甲状腺血管瘤,并发症,甲状腺功能减退
甲状腺血管瘤,并发症,甲状腺结节
结节性硬化症,并发症,心力衰竭
晶状体异位,并发症,角膜病
结节性硬化症,并发症,肾功能衰竭
丧偶后适应性障碍,并发症,抑郁症
睡眠相位后移综合症,并发症,抑郁症
双性恋,并发症,性病
胃憩室,并发症,上消化道出血
维生素D缺乏病,并发症,漏斗胸
胃溃疡,并发症,幽门梗阻
维斯科特-奥尔德里奇综合征,并发症,淋巴瘤
维斯科特-奥尔德里奇综合征,并发症,哮喘
维斯科特-奥尔德里奇综合征,并发症,急性白血病
维斯科特-奥尔德里奇综合征,并发症,荨麻疹
胃溃疡,并发症,上消化道出血
蛋白丢失性胃肠病,并发症,小儿营养不良性水肿
维生素D缺乏病,并发症,鸡胸
盲襻综合征,并发症,消化道出血
立氏立克次体斑疹热,并发症,休克
劳力性心绞痛,并发症,心绞痛
老年人原发性恶性高血压引起的恶性小动脉肾,并发症,肾功能衰竭
肋间神经痛,并发症,胸膜炎
老年人原发性恶性高血压引起的恶性小动脉肾,并发症,老年人急性左心衰竭
慢性病贫血,并发症,心脏病
淋球菌性结膜炎,并发症,角膜葡萄肿
Graves病,并发症,甲亢
Graves病,并发症,甲状腺癌
下颌下间隙感染,并发症,咽旁脓肿
系统性红斑狼疮所致脊髓病,并发症,血小板减少症
下颌下间隙感染,并发症,吸入性肺炎
下颌下间隙感染,并发症,继发性纵隔感染
先天性毛细血管扩张性大理石样皮肤,并发症,先天性青光眼
广泛性焦虑障碍,并发症,抑郁症
腹股沟斜疝,并发症,休克
腹膜后血肿,并发症,休克
乙状结肠扭转,并发症,休克
乙状结肠扭转,并发症,结肠扭转
胰腺真性囊肿,并发症,消化道出血
胰腺真性囊肿,并发症,胸腔积液
阴部神经干痛,并发症,阳痿
胰石病,并发症,胰腺癌
胰腺真性囊肿,并发症,急性腹膜炎
阴道前壁膨出,并发症,肾积水
胰石病,并发症,消化性溃疡
慢性胆管炎,并发症,急性化脓性胆管炎
肘关节脱位,并发症,血管损伤
结节病性心肌病,并发症,心力衰竭
结节病性心肌病,并发症,心律失常
椎弓结核,并发症,脊髓肿瘤
肌强直性肌病,并发症,不孕症
结核病,并发症,结膜结核病
试管婴儿,并发症,宫外孕
多发性肌炎,并发症,胸膜炎
舌咽神经痛,并发症,晕厥
胰石病,并发症,胰腺假性囊肿
多发性肌炎,并发症,心力衰竭
石油、煤焦油及其分馏产物所致的皮肤病,并发症,接触性皮炎
食瘕,并发症,急性胃扩张
石油、煤焦油及其分馏产物所致的皮肤病,并发症,疣
肾脓肿,并发症,肾脏损伤
肾脓肿,并发症,急性肾盂肾炎
急性脑血管病,并发症,肾功能衰竭
进食障碍,并发症,抑郁症
进食障碍,并发症,心律失常
多发性大动脉炎,并发症,心肌缺血
蝶骨脑膜瘤的眼眶病变,并发症,血管损伤
蝶骨脑膜瘤的眼眶病变,并发症,眼球运动障碍
多瓣膜病,并发症,心律失常
外阴滑膜肉瘤,并发症,淋巴瘤
外阴结核,并发症,不孕症
外阴横纹肌肉瘤,并发症,急性淋巴结炎
第三腰椎横突综合征,并发症,急性腰扭伤
低血压,并发症,心绞痛
低血压,并发症,晕厥
低血压,并发症,眩晕
外阴结核,并发症,肾结核
外阴淋巴管瘤,并发症,静脉炎
外阴淋巴管瘤,并发症,静脉曲张
扁桃体周围脓肿,并发症,咽旁脓肿
慢性肾小球肾炎,并发症,心肌病
膜增生性肾小球肾炎,并发症,肾功能衰竭
巴尔通体病,并发症,细菌性肺炎
外阴溃疡,并发症,尖锐湿疣
膜增生性肾小球肾炎,并发症,肾静脉血栓
梅克尔憩室,并发症,消化性溃疡
马尔堡病毒病,并发症,休克
罗阿丝虫病,并发症,心肌炎
旅行者腹泻,并发症,菌血症
旅行者腹泻,并发症,血栓性血小板减少性紫癜
链杆菌病,并发症,睾丸炎
慢性盆腔疼痛,并发症,静脉曲张
慢性血源性骨髓炎,并发症,湿疹
革兰阳性球菌和革兰阴性杆菌性巩膜炎,并发症,角膜炎
高胡萝卜素血症,并发症,抑郁症
外阴溃疡,并发症,生殖器疱疹
弓形体病,并发症,心肌炎
弓形体病,并发症,睾丸炎
新生儿脓疱疮,并发症,新生儿发热
小儿急性肾小球肾炎,并发症,急性肾功能衰竭
附睾炎,并发症,精囊炎
肺爆震伤,并发症,休克
细菌性心包炎,并发症,心肌梗塞并发左心室室壁瘤
乏特壶腹周围癌,并发症,休克
乏特壶腹周围癌,并发症,中毒性休克综合征
非炎性单纯性突眼,并发症,视盘水肿
附件炎,并发症,不孕症
Friedreich共济失调症,并发症,心肌病
心包囊肿与心包憩室,并发症,上腔静脉综合征
腹膜后肿瘤,并发症,淋巴瘤
遗传性运动失调性多发性神经炎,并发症,眼球震颤
异物伤,并发症,急性蜂窝组织炎
纵隔脓肿,并发症,休克
弥漫性血管内凝血,并发症,休克
支原体尿路感染,并发症,肾盂肾炎
支原体尿路感染,并发症,不孕症
中风后遗症,并发症,上消化道出血
锥虫病,并发症,心律失常
弥漫性血管内凝血,并发症,血尿
寒冷性脂膜炎,并发症,休克
结节性痒疹,并发症,湿疹
湿毒疮,并发症,瘙痒症
海洛因肾脏病,并发症,急性肾功能衰竭
巨人症及肢端肥大症,并发症,肾上腺皮质功能减退症
升主动脉瘤,并发症,肾功能衰竭
升主动脉瘤,并发症,脊髓缺血
地图舌,并发症,舌下间隙感染
地图舌,并发症,舌癌
单纯性牙周炎,并发症,牙周病
单纯性牙周炎,并发症,牙龈炎
上呼吸道感染,并发症,心肌炎
单纯性疱疹,并发症,意识障碍
单纯性疱疹,并发症,新生儿发热
肾虚眩晕,并发症,晕厥
带状疱疹,并发症,急性胃肠炎
多种抽动综合征,并发症,小儿多动症
无菌性肋软骨炎,并发症,吸入性肺炎
外伤性脂肪坏死,并发症,结节性脂膜炎
Whitfield硬红斑,并发症,结节病
免疫缺陷者肺炎,并发症,细菌性肺炎
泪腺囊样腺癌,并发症,眼球突出
慢性肾上腺皮质功能减退症,并发症,休克
慢性肾上腺皮质功能减退症,并发症,晕厥
镁过多症,并发症,心源性休克
颅内出血,并发症,上消化道出血
莱姆病性巩膜炎,并发症,角膜炎
慢性淋巴细胞性甲状腺炎,并发症,系统性红斑狼疮
路易体痴呆,并发症,性欲减退
莱姆病性巩膜炎,并发症,巩膜炎
慢性淋巴细胞性甲状腺炎,并发症,类风湿关节炎
腘血管陷迫综合征,并发症,下肢深静脉血栓形成
肝病,并发症,关节炎
肝病,并发症,结节性多动脉炎
先天性风疹综合征,并发症,心肌炎
先天性风疹综合征,并发症,心律失常
先天性风疹综合征,并发症,先天性心脏病
先天性风疹综合征,并发症,先天性白内障
新生儿肝脾肿大,并发症,新生儿败血症
腹膜后脓肿,并发症,消化道出血
遗传性凝血因子Ⅶ缺乏,并发症,血尿
遗传性凝血因子Ⅴ缺乏症,并发症,血尿
遗传性高尿酸血症,并发症,隐睾
子宫内膜异位,并发症,不孕症
椎体严重楔形变并伴小关节半脱位,并发症,脊柱、脊髓损伤
汉坦病毒肺综合征,并发症,心律失常
合并马蹄肾的腹主动脉瘤,并发症,肾结石
黑棘皮瘤,并发症,色素痣
汉坦病毒肺综合征,并发症,心力衰竭
汉坦病毒肺综合征,并发症,休克
巨细胞动脉炎,并发症,眩晕
锁喉毒,并发症,心肌炎
鼠咬伤,并发症,休克
急性眼眶蜂窝织炎,并发症,视神经炎
点状骨骺发育异常,并发症,先天性白内障
水渍疮,并发症,急性淋巴管炎
多胎,并发症,羊水过多
蛙粪霉病,并发症,瘙痒症
外伤性低颅内压综合征,并发症,硬脑膜下血肿
外伤性脾破裂,并发症,肺损伤
电击伤,并发症,休克
电击伤,并发症,急性肾功能衰竭
外伤性脾破裂,并发症,肋骨骨折
病毒性睑皮炎,并发症,巩膜炎
鼻前庭炎,并发症,急性蜂窝组织炎
子宫内膜异位,并发症,月经不调
急性眼眶蜂窝织炎,并发症,压迫性视神经病变
软化斑,并发症,肾功能衰竭
弥散性血管内凝血,并发症,休克
人疱疹病毒-6型感染,并发症,婴儿玫瑰疹
过敏性急性小管间质性肾炎,并发症,急性肾功能衰竭
洛博芽生菌病,并发症,结节性红斑
过敏性血管炎和肉芽肿病,并发症,视神经炎
赖特综合征性巩膜炎,并发症,视神经炎
赖特综合征性巩膜炎,并发症,角膜炎
弥散性血管内凝血,并发症,急性肾功能衰竭
人类T淋巴细胞病毒感染,并发症,胸腔积液
慢性肉芽肿病,并发症,结肠炎
春季性结膜炎,并发症,角膜炎
小儿烧伤,并发症,休克
小儿烧伤,并发症,菌血症
过敏性阴道炎,并发症,阴道毛滴虫病
血管肉瘤,并发症,静脉曲张
血胸,并发症,休克
副溶血性弧菌食物中毒,并发症,休克
先天性椎体畸形,并发症,先天性心脏病
小儿烧伤,并发症,小儿高热
福尔马林中毒,并发症,休克
副溶血性弧菌食物中毒,并发症,意识障碍
潜水性内耳损伤,并发症,眩晕
子烦,并发症,先兆流产
主动脉弓综合征视网膜病变,并发症,视神经萎缩
壮热,并发症,伤寒
核黄素缺乏病,并发症,湿疹
急进性肾炎,并发症,上消化道出血
灰指甲,并发症,甲癣
著痹,并发症,血痹
灰指甲,并发症,甲沟炎
夹色伤寒,并发症,心肌炎
急性单纯性胃炎,并发症,休克
输卵管结扎术后并发症,并发症,休克
肾虚耳鸣,并发症,肾盂肾炎
食管其他恶性肿瘤,并发症,食管癌
电烧伤,并发症,休克
输卵管结扎术后并发症,并发症,月经不调
冻僵,并发症,心律失常
单发性骨软骨瘤,并发症,血管损伤
滴虫性阴道炎,并发症,不孕症
胃肠型食物中毒,并发症,休克
胃肠食物不耐受症,并发症,晕厥
胃肠食物不耐受症,并发症,过敏性鼻炎
胃肠道功能紊乱,并发症,焦虑症
胃切除后胆汁返流性胃炎,并发症,休克
白喉,并发症,心肌炎
胃切除后胆汁返流性胃炎,并发症,上消化道出血
胃粘膜脱垂症,并发症,幽门梗阻
胃肠食物不耐受症,并发症,荨麻疹
胃肠型食物中毒,并发症,荨麻疹
胃肠型食物中毒,并发症,急性出血性坏死性肠炎
胃肠食物不耐受症,并发症,支气管哮喘
妊娠合并动脉导管未闭,并发症,心室间隔缺损
慢性心包炎,并发症,心力衰竭
慢性进行性舞蹈病,并发症,纤维瘤病
妊娠合并动脉导管未闭,并发症,先天性主动脉缩窄
慢性脓胸,并发症,心律失常
慢性心力衰竭,并发症,心力衰竭
热带性出汗不良,并发症,心力衰竭
慢性心力衰竭,并发症,心源性休克
慢性心力衰竭,并发症,胸腔积液
慢性心力衰竭,并发症,心原性肝硬化
梅毒性心血管病,并发症,心力衰竭
慢性心力衰竭,并发症,下肢静脉血栓形成
妊娠合并肺炎,并发症,休克
妊娠合并肺炎,并发症,菌血症
妊娠合并肺炎,并发症,肾功能衰竭
妊娠合并白血病,并发症,胸腔积液
妊娠合并白血病,并发症,心包积液
妊娠合并白血病,并发症,心律失常
妊娠合并白血病,并发症,结节病
妊娠高血压综合征,并发症,急性心力衰竭
良性淋巴上皮病,并发症,眼球突出
慢性肺源性心脏病,并发症,上消化道出血
颅内低压综合征,并发症,晕厥
颅内低压综合征,并发症,意识障碍
铬及其化合物引起的皮肤病,并发症,哮喘
肝海绵状血管瘤,并发症,心力衰竭
阑尾炎,并发症,消化不良
肝海绵状血管瘤,并发症,休克
感染性腹主动脉瘤,并发症,菌血症
钩端螺旋体病的肾损害,并发症,肾功能衰竭
钩端螺旋体病的肾损害,并发症,伤寒
螺菌病,并发症,心肌炎
慢性肺源性心脏病,并发症,休克
慢性肺源性心脏病,并发症,心律失常
慢性肺源性心脏病,并发症,心力衰竭
肠系膜上动脉血栓形成,并发症,休克
肠侵袭性大肠埃希杆菌感染,并发症,菌血症
查加斯病,并发症,心律失常
先天性肌性斜颈,并发症,斜颈
胸廓出口综合征,并发症,静脉血栓形成
胃泌素瘤,并发症,消化道出血
锌中毒,并发症,休克
出血性脑梗死,并发症,焦虑症
出血性脑梗死,并发症,上消化道出血
出血性脑梗死,并发症,抑郁症
产后甲状腺炎,并发症,甲状腺功能减退
尺桡骨骨干双骨折,并发症,挤压综合征
腹痛,并发症,休克
腹泻,并发症,晕厥
非霍乱弧菌感染,并发症,休克
风湿性多肌痛,并发症,心肌炎
遗传性铁粒幼细胞性贫血,并发症,心律失常
眼外肌外伤,并发症,眼球破裂伤
强迫症,并发症,焦虑症
眼眶转移性肿瘤,并发症,眼球内陷
疰夏,并发症,中暑
呼吸系统疾病伴发的精神障碍,并发症,上消化道出血
黄杆菌肺炎,并发症,胸腔积液
呼吸系统疾病伴发的精神障碍,并发症,休克
呼吸系统疾病伴发的精神障碍,并发症,心律失常
甲周炎,并发症,甲真菌病
结胸证,并发症,颅咽管瘤
肌纤维组织炎,并发症,腰肌劳损
色素失调症,并发症,视神经萎缩
结胸证,并发症,胸主动脉瘤
酒精性肝硬化,并发症,上消化道出血
酒精性肝硬化,并发症,原发性腹膜炎
登革热,并发症,心肌炎
登革热,并发症,心律失常
胃病,并发症,幽门梗阻
胃病,并发症,急性弥漫性腹膜炎
胃病,并发症,急性胃扩张
吻合口溃疡,并发症,急性弥漫性腹膜炎
羊膜腔感染综合征,并发症,休克
胃病,并发症,急性胃炎
不射精症,并发症,抑郁症
包皮过长,并发症,性功能障碍
苯丙胺中毒,并发症,心律失常
热带性肺嗜酸性粒细胞浸润症,并发症,心力衰竭
包皮过长,并发症,早泄
老人腹股沟斜疝,并发症,休克
盲袢综合征,并发症,结肠炎
女性膀胱颈梗阻,并发症,肾脏损伤
脑猪囊尾蚴病,并发症,神经性肌强直
老年性昏迷,并发症,心律失常
泪腺肉样瘤病,并发症,眼球运动障碍
宫腔粘连,并发症,不孕症
虫咬皮炎,并发症,急性淋巴管炎
宫颈肥大,并发症,不孕症
宫颈肥大,并发症,宫颈癌
齿状突发育畸形,并发症,斜颈
扭转痉挛,并发症,痉挛性斜颈
肛门尖锐湿疣,并发症,衣原体感染症
传染性脓疱病,并发症,急性肾炎
男性生殖器外伤,并发症,性功能障碍
吩噻嗪类抗精神病药物中毒,并发症,心律失常
肺心病,并发症,心律失常
男性生殖器外伤,并发症,血管损伤
非淋菌性尿道炎,并发症,睾丸炎
非特异性尿道炎,并发症,精囊炎
男性生殖器外伤,并发症,阴茎异常勃起
眼外肌发育不全,并发症,上睑下垂
痒点,并发症,瘙痒症
起搏器综合征,并发症,晕厥
燥邪犯肺,并发症,急性脊髓炎
化脓性甲沟炎,并发症,异物肉芽肿
亨廷顿病,并发症,遗传性共济失调
化脓性指头炎,并发症,骨髓炎
亨廷顿病,并发症,肌萎缩侧索硬化症
亨廷顿病,并发症,畸形性骨炎
坏死性结节病样肉芽肿病,并发症,结肠炎
踝关节结核,并发症,神经性肌强直
交肠,并发症,肾盂肾炎
经行头痛,并发症,意识障碍
石棉业所致的皮肤病,并发症,疣
食管结核,并发症,食管癌
多发性颅内血肿,并发症,硬脑膜下血肿
石棉业所致的皮肤病,并发症,鸡眼
室性并行心律及室性并行心律性心动过速,并发症,心力衰竭
室性并行心律及室性并行心律性心动过速,并发症,心源性休克
浆细胞瘤,并发症,巨舌
胃、十二指肠溃疡出血,并发症,休克
颈动脉体瘤,并发症,淋巴瘤
完全性大动脉错位,并发症,心力衰竭
卫氏并殖吸虫病,并发症,胸腔积液
胃、十二指肠溃疡急性穿孔,并发症,中毒性休克综合征
完全性肺静脉异位回流,并发症,心律失常
靶样含铁血黄素沉积性血管瘤,并发症,血管瘤
网膜原发性节段性梗死,并发症,急性盆腔炎
病毒性脑膜炎,并发症,意识障碍
白血病肾损害,并发症,急性肾功能衰竭
胃癌,并发症,消化道出血
胃癌,并发症,幽门梗阻
白塞病性巩膜炎,并发症,巩膜炎
胃穿孔,并发症,休克
胆道蛔虫病与肝蛔虫病,并发症,急性胰腺炎
网膜原发性节段性梗死,并发症,急性阑尾炎
胆道华支睾吸虫病,并发症,急性胆囊炎
低血糖,并发症,休克
网膜原发性节段性梗死,并发症,急性胆囊炎
网膜原发性节段性梗死,并发症,结核性腹膜炎
白血病视网膜病变,并发症,视盘水肿
半椎体畸形,并发症,脊柱侧凸
Reis-Bucklers角膜营养不良,并发症,角膜炎
妊娠合并肾病综合征,并发症,急性肾功能衰竭
妊娠合并消化性溃疡,并发症,上消化道出血
妊娠合并肾病综合征,并发症,肾静脉血栓
妊娠合并红细胞增多症,并发症,急性白血病
慢性肾盂肾炎,并发症,菌血症
膜性肾小球肾炎,并发症,肾功能衰竭
慢性肾功能衰竭,并发症,心肌病
慢性肾功能衰竭,并发症,心力衰竭
膜性肾小球肾炎,并发症,急性肾小管坏死
妊娠合并急性胆囊炎,并发症,急性胰腺炎
妊娠合并消化性溃疡,并发症,幽门梗阻
慢性肾盂肾炎,并发症,肾结石
妊娠合并红细胞增多症,并发症,肾结石
妊娠合并急性胆囊炎,并发症,急性化脓性胆管炎
败血症肾损害,并发症,急性肾功能衰竭
妊娠合并哮喘,并发症,急性肺源性心脏病
染色体异常,并发症,小儿常染色体显性小脑性共济失调
母乳性黄疸,并发症,急黄
泪囊肿瘤,并发症,眼球突出
泪腺多形性腺癌,并发症,上睑下垂
泪腺多形性腺癌,并发症,眼球运动障碍
尿路软斑症,并发症,肾功能衰竭
脓疱疮,并发症,急性淋巴管炎
老年心肌病,并发症,心力衰竭
老年人阵发性室上性心动过速,并发症,心力衰竭
颅底凹陷症,并发症,脊髓空洞症
老年人阵发性室上性心动过速,并发症,晕厥
老年心肌病,并发症,心律失常
老年人阵发性室上性心动过速,并发症,心绞痛
母乳性黄疸,并发症,新生儿胆红素脑病
帽状腱膜下脓肿,并发症,颅骨骨髓炎
尿布疹,并发症,湿疹
肛肠病,并发症,晕厥
骨损伤,并发症,休克
肛肠病,并发症,湿疹
传染性单核细胞增多,并发症,心肌炎
高睾酮血症,并发症,不孕症
传染性单核细胞增多,并发症,急性肾炎
传染性软疣,并发症,湿疹
出血性脑卒中,并发症,上消化道出血
传染性湿疹样皮炎,并发症,瘙痒症
骨髓增生性疾病,并发症,系统性血管炎
肠系膜上动脉综合征,并发症,急性胃扩张
肠出血性大肠埃希杆菌感染,并发症,血栓性血小板减少性紫癜
血虚头痛,并发症,眩晕
膝关节滑膜皱襞综合征,并发症,关节炎
心脏瓣膜病,并发症,心力衰竭
小儿弱视,并发症,角膜炎
心脏瓣膜病,并发症,急性心力衰竭
心包炎,并发症,心肌梗死
传染性单核细胞增多症,并发症,胸腔积液
传染性单核细胞增多症,并发症,心肌炎
成人肥大性幽门狭窄,并发症,幽门梗阻
传染性单核细胞增多症,并发症,急性肾炎
藏毛囊肿,并发症,鳞状细胞癌
腹腔肺吸虫病,并发症,肝大
眼眶血肿,并发症,眼球突出
眼眶血肿,并发症,眼球运动障碍
腰骶部脂肪疝,并发症,下肢静脉曲张
眼眶脂肪肉瘤,并发症,眼球突出
异物性食管穿孔,并发症,咽后脓肿
眼眶脂肪肉瘤,并发症,眼球运动障碍
缺水和缺钠,并发症,嗜睡症
眼眶真菌病,并发症,眼眶脓肿
左房恶性黏液瘤,并发症,心律失常
左房恶性黏液瘤,并发症,心力衰竭
左后分支传导阻滞,并发症,晕厥
左心室恶性施万瘤,并发症,晕厥
左心室恶性施万瘤,并发症,心绞痛
坏死性筋膜炎,并发症,休克
腹部大血管损伤,并发症,血尿
蛔虫性急性胰腺炎,并发症,消化道出血
蛔虫性急性胰腺炎,并发症,胰腺脓肿
急性腹泻,并发症,休克
酒精中毒性肌病,并发症,休克
酒精中毒性肌病,并发症,心律失常
疖与疖病,并发症,静脉炎
嗜麦芽黄单胞菌肺炎,并发症,休克
交叉性异位肾,并发症,肾积脓
交叉性异位肾,并发症,肾积水
交叉性异位肾,并发症,肾盂肾炎
食管中段憩室,并发症,食管憩室
实体肿瘤的肾脏损害,并发症,肾病综合征
窦性心律失常,并发症,晕厥
大肠埃希杆菌肺炎,并发症,胸腔积液
胆囊结石,并发症,急性胆囊炎
胆囊结石,并发症,急性化脓性胆管炎
食管乳头状瘤,并发症,食管癌
胆结石,并发症,急性化脓性胆管炎
胆结石,并发症,急性胆源性胰腺炎
无机磷中毒,并发症,血尿
胃损伤,并发症,胸壁皮下气肿
蝶窦恶性肿瘤,并发症,眼球突出
窦性心律失常,并发症,眩晕
胃空肠输入袢综合征,并发症,休克
胃平滑肌肉瘤,并发症,上消化道出血
胃空肠输入袢综合征,并发症,急性腹膜炎
胃轻瘫综合征,并发症,神经性厌食症
苯海拉明中毒,并发症,心律失常
白大衣高血压,并发症,心绞痛
鼻疽,并发症,菌血症
胃扭转,并发症,上消化道出血
胃扭转,并发症,休克
闭合性气胸,并发症,肋骨骨折
髌腱断裂,并发症,关节炎
胃扭转,并发症,消化道出血
妊娠合并心室间隔缺损,并发症,心律失常
妊娠合并血栓性血小板减少性紫癜,并发症,类风湿关节炎
妊娠合并血栓性血小板减少性紫癜,并发症,系统性红斑狼疮
妊娠合并子宫肌瘤,并发症,急性子宫内膜炎
脉络膜黑色素瘤,并发症,眼球突出
麻痹性斜视,并发症,眩晕
妊娠呕吐,并发症,休克
妊娠呕吐,并发症,眼球震颤
妊娠合并自身免疫性溶血性贫血,并发症,休克
妊娠合并硬皮病,并发症,类风湿关节炎
慢性鼻炎,并发症,咽鼓管阻塞
妊娠呕吐,并发症,食管破裂
老年人再生障碍性贫血,并发症,心力衰竭
老年人原发性骨髓纤维化,并发症,心力衰竭
老年人心内膜炎,并发症,心肌炎
老年人心内膜炎,并发症,心律失常
男性更年期综合症,并发症,性欲减退
男性更年期综合症,并发症,阳痿
男性更年期综合症,并发症,早泄
囊虫病,并发症,视神经萎缩
颞骨岩部炎,并发症,急性化脓性乳突炎
泪腺炎,并发症,眼球运动障碍
泪腺炎,并发症,干燥性角结膜炎
疟疾,并发症,血尿
尿毒症肺炎,并发症,胸膜炎
睾丸畸胎瘤,并发症,精索静脉曲张
肠杆菌肺炎,并发症,菌血症
肠道血管畸形,并发症,消化道出血
肠伤寒穿孔,并发症,休克
钒及其化合物引起的皮肤病,并发症,荨麻疹
项痹,并发症,意识障碍
寻常性鱼鳞病,并发症,心力衰竭
项痹,并发症,心律失常
寻常性鱼鳞病,并发症,肾功能衰竭
项痹,并发症,颈椎病
咽结合膜热,并发症,咽旁脓肿
眼眶脂肪瘤,并发症,眼球突出
自律性房性心动过速,并发症,休克
自律性房性心动过速,并发症,晕厥
自发性脑室内出血,并发症,急性肾功能衰竭
自发性脑室内出血,并发症,上消化道出血
自身红细胞过敏性紫癜,并发症,消化道出血
自身红细胞过敏性紫癜,并发症,血尿
症状性癫痫综合征,并发症,意识障碍
子宫内膜炎,并发症,急性弥漫性腹膜炎
非01霍乱弧菌肠炎,并发症,急性肾功能衰竭
脐膨出-巨舌-巨大躯体综合征,并发症,肝母细胞瘤
肌注硬结感染,并发症,心肌炎
红癣,并发症,厌氧菌感染
红癣,并发症,衣原体感染症
巨人症与肢端肥大症,并发症,高催乳素血症
巨人症与肢端肥大症,并发症,心力衰竭
巨人症与肢端肥大症,并发症,心肌梗死
胫腓骨骨干骨折,并发症,胫腓骨骨折
胫骨后唇骨折,并发症,胫腓下联合前部分离
酒中毒性痴呆,并发症,心肌梗死
酒中毒性痴呆,并发症,心肌病
酒中毒性痴呆,并发症,心律失常
上肢深静脉血栓形成,并发症,心血管和血栓栓塞综合征
食管白斑,并发症,疣
甲状腺功能减退伴发的精神障碍,并发症,甲状腺功能减退症
多汗症,并发症,疖
单纯性紫癜,并发症,哮喘
癫痫伴发的精神障碍,并发症,精神分裂症
癫痫伴发的精神障碍,并发症,急性肾功能衰竭
多发脑梗塞性精神障碍,并发症,心肌梗死
单纯性紫癜,并发症,消化道出血
单纯性紫癜,并发症,急性肾炎
多形性日光疹,并发症,湿疹
外伤后头痛,并发症,眩晕
β受体亢进症,并发症,心力衰竭
斑疹伤寒立克次体肺炎,并发症,心肌炎
腕舟骨骨折,并发症,关节炎
妊娠合并急性肾小球肾炎,并发症,急性肾功能衰竭
妊娠合并急性肾小球肾炎,并发症,心力衰竭
食管压迫型颈椎病,并发症,消化性溃疡
胃节律紊乱综合征,并发症,消化性溃疡
鼻神经胶质瘤,并发症,溢泪症
妊娠合并类风湿关节炎,并发症,心肌炎
母儿血型不合溶血病,并发症,心力衰竭
老年收缩期高血压,并发症,心力衰竭
老年人正常压力脑积水,并发症,视盘水肿
老年收缩期高血压,并发症,心律失常
老年人预激综合征,并发症,晕厥
疟疾肾病,并发症,肝大
内脏血吸虫炎,并发症,结肠癌
难治性心力衰竭,并发症,心律失常
肝著,并发症,上消化道出血
内脏血吸虫炎,并发症,上消化道出血
内脏血吸虫炎,并发症,急性阑尾炎
诺卡菌性巩膜炎,并发症,角膜炎
男子雄激素源性秃发,并发症,过敏性鼻炎
诺卡菌性巩膜炎,并发症,巩膜炎
男子雄激素源性秃发,并发症,先天性白内障
疟疾肾病,并发症,血尿
老年人自发性气胸,并发症,胸腔积液
老年人自发性气胸,并发症,心律失常
瓜藤缠,并发症,结节性红斑
苍白球黑质红核色素变性,并发症,视神经萎缩
血管性帕金森综合征,并发症,先天性心脏病
血管性帕金森综合征,并发症,心律失常
性病相关性胃肠道感染,并发症,菌血症
新型隐球菌性脑膜炎,并发症,意识障碍
性病相关性胃肠道感染,并发症,吸收不良综合征
新生儿单纯疱疹病毒感染,并发症,休克
新生儿喉喘鸣,并发症,鸡胸
小儿指甲-髌骨综合征,并发症,肾结石
小儿指甲-髌骨综合征,并发症,肾功能衰竭
伏格特-小柳-原田综合征,并发症,视盘炎
非典型分枝杆菌性巩膜炎,并发症,巩膜炎
非典型分枝杆菌性巩膜炎,并发症,角膜炎
眼眶脑膜-脑膨出,并发症,眼球突出
缺血性心肌病,并发症,休克
遗传性感觉神经病,并发症,精神发育迟滞
自体敏感性湿疹,并发症,瘙痒症
珠蛋白生成障碍性贫血,并发症,血色病
阴道肿瘤,并发症,阴道恶性肿瘤
中间葡萄膜炎,并发症,视神经萎缩
中间葡萄膜炎,并发症,血管瘤
眼病,并发症,急性卡他性结膜炎
缺血性心肌病,并发症,心力衰竭
缺血性心肌病,并发症,心律失常
中间葡萄膜炎,并发症,视盘水肿
气管肿瘤,并发症,上气道梗阻
后壁穿孔性溃疡,并发症,急性腹膜炎
化脓性颅骨骨髓炎,并发症,颅骨缺损
昏厥,并发症,意识障碍
呼吸性碱中毒,并发症,急性呼吸窘迫综合征
疾病恐怖,并发症,焦虑症
巨大胎儿,并发症,新生儿窒息
集聚肠杆菌感染,并发症,心肌炎
集聚肠杆菌感染,并发症,休克
急性附睾炎,并发症,睾丸炎
巨大胎儿,并发症,新生儿低血糖症
酒中毒性周围神经病,并发症,阳痿
后壁穿孔性溃疡,并发症,休克
化脓性门静脉炎,并发症,消化道出血
食管穿孔,并发症,休克
癫痫,并发症,急性肾功能衰竭
毒蛇咬伤,并发症,休克
十二指肠平滑肌肉瘤,并发症,消化道出血
胆源性急性胰腺炎,并发症,休克
嗜酸性脓疱性毛囊炎,并发症,哮喘
多囊肾,并发症,肾结石
嗜酸性脓疱性毛囊炎,并发症,湿疹
大肠类癌,并发症,结肠息肉
上皮样血管内皮细胞瘤,并发症,结节病
蓖麻子中毒,并发症,心力衰竭
维生素A中毒症,并发症,意识障碍
变形杆菌食物中毒,并发症,休克
维生素A中毒症,并发症,嗜睡症
维生素B6依赖综合征,并发症,抑郁症
外阴炎,并发症,性病
维生素A缺乏病,并发症,角膜软化症
臂丛神经痛,并发症,颈椎病
钡中毒,并发症,心脏损伤
纹状骨瘤,并发症,先天性静脉畸形肢体肥大综合征
外阴癌,并发症,颈部淋巴结转移癌
妊娠期肝血肿及破裂,并发症,胸腔积液
乳头肌功能不全,并发症,心源性休克
妊娠期肝血肿及破裂,并发症,肾功能衰竭
桡骨下端骨折,并发症,股骨颈骨折
Maffucci综合征,并发症,甲状腺腺瘤
慢性细菌性痢疾,并发症,关节炎
Maffucci综合征,并发症,血管内皮瘤
慢性细菌性痢疾,并发症,类白血病反应
弥漫型间皮瘤,并发症,胸腔积液
老年人主动脉夹层分离,并发症,急性心肌梗死
老年人主动脉瘤,并发症,休克
老年人椎基底动脉供血不足,并发症,晕厥
老年人主动脉夹层分离,并发症,心包积液
老年人脂肪肝,并发症,上消化道出血
老年人支原体肺炎,并发症,心律失常
老年人支原体肺炎,并发症,意识障碍
老年人支原体肺炎,并发症,心包积液
老年人终末期肺炎,并发症,肾功能衰竭
内分泌失调,并发症,月经不调
老年人终末期肺炎,并发症,心律失常
脑垂体功能异常伴发的精神障碍,并发症,性欲减退
内分泌失调,并发症,甲状腺功能减退症
颞叶癫痫,并发症,记忆障碍
老年人蛛网膜下腔出血,并发症,心肌梗死
老年性心瓣膜病,并发症,心力衰竭
老年人蛛网膜下腔出血,并发症,意识障碍
弥漫性恶性间皮瘤,并发症,胸腔积液
老年人蛛网膜下腔出血,并发症,消化道出血
弥漫性恶性间皮瘤,并发症,心包积液
老年性心瓣膜病,并发症,心律失常
钩端螺旋体病神经系统表现,并发症,肾功能衰竭
女性尿瘘,并发症,不孕症
产后抑郁症,并发症,抑郁症
产碱杆菌肺炎,并发症,消化道出血
产力异常性难产,并发症,新生儿窒息
产科播散性血管内凝血,并发症,休克
喘息样支气管炎,并发症,支气管哮喘
产科播散性血管内凝血,并发症,血尿
小儿阵发性室上性心动过速,并发症,心力衰竭
小儿阵发性室上性心动过速,并发症,心源性休克
小儿异染性脑白质营养不良,并发症,视神经萎缩
小儿特发性血小板减少性紫癜,并发症,血尿
小儿先天性肾上腺皮质增生症,并发症,性早熟
小儿先天性肾上腺皮质增生症,并发症,休克
小儿史-约综合征,并发症,心肌炎
小儿史-约综合征,并发症,血尿
跗骨与周围关节结核,并发症,神经性肌强直
弗郎西丝菌肺炎,并发症,胸腔积液
腹裂,并发症,硬肿症
弗郎西丝菌肺炎,并发症,菌血症
腹胀,并发症,急性胃肠炎
炎症性腹主动脉瘤,并发症,关节炎
眼眶脑膜瘤,并发症,眼球运动障碍
药物导致的肺部疾病,并发症,哮喘
延髓性麻痹,并发症,吸入性肺炎
炎症后弹力纤维松解伴皮肤松弛,并发症,荨麻疹
脂溢性角化病,并发症,瘙痒症
直接型颈动脉海绵窦瘘,并发症,休克
褶烂,并发症,湿疹
后尿道瓣膜,并发症,肾发育不全
后尿道瓣膜,并发症,隐睾
混合结缔组织病,并发症,心肌炎
混合结缔组织病,并发症,胸膜炎
迁延性肺嗜酸粒细胞浸润症,并发症,荨麻疹
家族性进行性色素沉着,并发症,抑郁症
巨细胞病毒性葡萄膜炎,并发症,视神经萎缩
巨细胞病毒性葡萄膜炎,并发症,视神经炎
继发性腹膜炎,并发症,休克
禽流感,并发症,心肌炎
急性特发性心包炎,并发症,心包积液
假单胞菌感染,并发症,休克
十二指肠静脉曲张,并发症,休克
假单胞菌感染,并发症,关节炎
环状胰腺,并发症,消化性溃疡
输尿管结核,并发症,肾积水
生脓性肉芽肿,并发症,血管瘤
手湿疹,并发症,湿疹
多发性消化道息肉综合征,并发症,消化道出血
位置性眩晕,并发症,眩晕
胃息肉,并发症,幽门梗阻
微小病变性肾病,并发症,局灶性肾小球硬化症
胆汁性肝硬化,并发症,原发性肝癌
胃息肉,并发症,上消化道出血
胃良性肿瘤,并发症,幽门梗阻
溶血性贫血,并发症,休克
软骨瘤,并发症,血管瘤
热带性肺嗜酸粒细胞浸润症,并发症,心肌炎
慢性宫颈炎,并发症,宫颈癌
溶血性贫血,并发症,肾功能衰竭
热带性肺嗜酸粒细胞浸润症,并发症,急性淋巴管炎
热带性肺嗜酸粒细胞浸润症,并发症,淋巴水肿
热带性肺嗜酸粒细胞浸润症,并发症,急性淋巴结炎
Reiter综合征,并发症,关节炎
慢性输卵管卵巢炎,并发症,不孕症
冷抗体型自身免疫性溶血性贫血,并发症,肾功能衰竭
老年人心室扑动与颤动,并发症,心脏骤停与心肺脑复苏
理发师皮炎,并发症,荨麻疹
类圆线虫病,并发症,休克
梨状肌症候群,并发症,脊髓灰质炎
摩擦性苔藓样疹,并发症,接触性皮炎
尿道综合征,并发症,精囊炎
脑动脉硬化伴发的精神障碍,并发症,意识障碍
脑动脉硬化伴发的精神障碍,并发症,焦虑症
慢性盆腔炎,并发症,不孕症
老年人血栓性疾病,并发症,静脉血栓形成
慢性输卵管卵巢炎,并发症,宫外孕
老年人血栓性疾病,并发症,心肌梗死
老年人血栓性疾病,并发症,心绞痛
门脉高压性肠病,并发症,结、直肠黑变病
脑真菌性肉芽肿,并发症,意识障碍
枸橼酸杆菌肺炎,并发症,心肌炎
苍耳中毒,并发症,休克
冠状动脉粥样硬化性心脏病,并发症,心力衰竭
高镁血症,并发症,心源性休克
冠状动脉粥样硬化性心脏病,并发症,心律失常
冠状动脉粥样硬化性心脏病,并发症,心源性休克
脑型疟疾,并发症,肾功能衰竭
尼兹诺夫综合征,并发症,细菌性肺炎
尼兹诺夫综合征,并发症,水痘
餐后血糖过低症,并发症,意识障碍
肠系膜上动脉栓塞,并发症,休克
小儿溶血性贫血,并发症,休克
小儿尿路梗阻,并发症,肾结石
房室交界区性逸搏,并发症,晕厥
常染色体显性多囊肾,并发症,肾盂肾炎
小儿颅内出血,并发症,意识障碍
小儿醛固酮过多症,并发症,小儿周期性低血钾性麻痹
成人多囊肾,并发症,肾盂肾炎
成人多囊肾,并发症,血尿
非器质性性乐高潮障碍,并发症,性功能障碍
妇科疾病,并发症,不孕症
胰腺外伤,并发症,胰腺脓肿
亚临床甲状腺功能减退症,并发症,心力衰竭
阴缩,并发症,隐睾
亚临床甲状腺功能减退症,并发症,心绞痛
眼眶非霍奇金恶性淋巴瘤,并发症,眼球运动障碍
胰腺囊性纤维性变,并发症,急性胰腺炎
眼外肌广泛纤维化综合征,并发症,上睑下垂
亚急性硬化性全脑炎,并发症,意识障碍
胰腺假囊肿,并发症,急性弥漫性腹膜炎
胰腺假囊肿,并发症,消化道出血
眼外肌广泛纤维化综合征,并发症,眼球震颤
主动脉口狭窄,并发症,心力衰竭
脂肪营养不良,并发症,肝大
海绵窦血栓,并发症,视神经萎缩
呼吸衰竭,并发症,休克
鼾症,并发症,心律失常
前列腺癌,并发症,血尿
结肠黑变病,并发症,结肠癌
急性肠系膜上动脉栓塞或血栓形成,并发症,休克
失眠,并发症,抑郁症
颈腰综合征,并发症,颈椎管狭窄症
肌张力异常,并发症,痉挛性斜颈
舒张性心力衰竭,并发症,心律失常
嗜酸性粒细胞增多-肌痛综合征,并发症,心肌炎
家族性混合型高脂血症,并发症,心肌梗死
急性肠系膜上动脉栓塞或血栓形成,并发症,消化道出血
含亚硝酸盐类植物性食物中毒,并发症,休克
含亚硝酸盐类植物性食物中毒,并发症,心律失常
缢死,并发症,抑郁症
室性期前收缩,并发症,心绞痛
胆石症,并发症,急性胆囊炎
维生素D中毒症,并发症,肾功能衰竭
维生素C缺乏病,并发症,疖
多发脑梗死性痴呆,并发症,抑郁症
维生素E缺乏病,并发症,新生儿硬肿症
便秘,并发症,心绞痛
病态窦房结综合征,并发症,休克
便秘,并发症,心肌梗死
病毒性心肌炎,并发症,心力衰竭
病态窦房结综合征,并发症,失眠症
病毒性肺炎,并发症,心肌炎
病毒性心肌炎,并发症,心律失常
病毒性肺炎,并发症,细菌性肺炎
疱疹性咽峡炎,并发症,急性鼻炎
物理性变应性,并发症,瘙痒症
外伤性颈内动脉海绵窦瘘,并发症,颅底骨折
柏-查综合征,并发症,静脉炎
热烧伤,并发症,急性肾功能衰竭
马牙,并发症,骨髓炎
泌尿生殖系阿米巴病,并发症,急性弥漫性腹膜炎
热烧伤,并发症,急性呼吸衰竭
溶血过度所致贫血,并发症,休克
溶血过度所致贫血,并发症,肾功能衰竭
溶血尿毒综合征,并发症,急性肾功能衰竭
溶血过度所致贫血,并发症,心力衰竭
老年人厌氧菌性肺炎,并发症,心力衰竭
猫眼疮,并发症,消化道出血
锂肾病,并发症,急性肾功能衰竭
老年人阳性杆菌肺炎,并发症,休克
雷凡斯坦综合征,并发症,隐睾
老年人厌氧菌性肺炎,并发症,心律失常
老年人心脏淀粉样变性,并发症,心律失常
老年人心脏传导阻滞,并发症,晕厥
老年人心脏淀粉样变性,并发症,老年人急性左心衰竭
老年人厌氧菌性肺炎,并发症,休克
猫眼疮,并发症,心肌炎
冷球蛋白血症肾损害,并发症,急性肾功能衰竭
男性生殖腺机能减退症,并发症,早泄
男性生殖腺机能减退症,并发症,阳痿
高原红细胞增多症,并发症,心脏病
高脂蛋白血症Ⅰ型,并发症,心肌梗死
高脂蛋白血症Ⅰ型,并发症,急性胰腺炎
骨神经纤维瘤,并发症,脊柱侧凸
高原肺水肿,并发症,心力衰竭
成人呼吸窘迫综合征,并发症,细菌性肺炎
肠病性肢皮炎综合征,并发症,甲沟炎
小儿两性畸形,并发症,隐睾
肠道菌群失调症,并发症,食物中毒
小儿两性畸形,并发症,小阴茎
小儿急性非淋巴细胞性白血病,并发症,绿色瘤
骨神经纤维瘤,并发症,先天性胫骨假关节
川崎病,并发症,心肌炎
小儿结核性胸膜炎,并发症,结核性脓胸
小儿汞中毒,并发症,急性肾功能衰竭
原发性膀胱输尿管返流,并发症,肾积水
风湿性心肌炎,并发症,急性心功能不全
副溶血孤菌肠炎,并发症,中毒性休克综合征
小儿汞中毒,并发症,急性腹膜炎
癔病性昏厥,并发症,焦虑症
药物相关性青光眼,并发症,上睑下垂
疣状皮肤结核,并发症,寻常疣
原发性直立性低血压,并发症,晕厥
原发性直立性低血压,并发症,眩晕
肢端肥大症性心肌病,并发症,心力衰竭
肢端肥大症性心肌病,并发症,心律失常
珍珠丘疹,并发症,瘙痒症
主-肺动脉间隔缺损,并发症,心力衰竭
黑色素斑-胃肠多发性息肉综合征,并发症,消化道出血
绝经与抑郁症,并发症,抑郁症
绝经与抑郁症,并发症,焦虑症
寰枢关节脱位,并发症,脊髓压迫症
蛔虫病,并发症,急性胆囊炎
黄疸,并发症,积聚
黄疸,并发症,急黄
痔核,并发症,静脉炎
致肠细胞病变人孤儿病毒感染,并发症,心肌炎
切口疝,并发症,休克
轻链病与轻链沉积病,并发症,肾病综合征
肩锁关节脱位,并发症,肩关节脱位
金疮,并发症,心力衰竭
金疮,并发症,休克
肾髓质囊性病,并发症,肾结石
急性梗阻性化脓性胆管炎,并发症,肾功能衰竭
十二指肠溃疡,并发症,消化性溃疡
十二指肠溃疡,并发症,幽门螺杆菌感染
粟疮,并发症,湿疹
大疱性表皮松解,并发症,鳞状细胞癌
丹吉尔病,并发症,心肌梗死
胃急性扩张,并发症,急性肾功能衰竭
粟疮,并发症,痒疹
胃黏膜脱垂,并发症,上消化道出血
胃黏膜脱垂,并发症,消化性溃疡
多发性内分泌腺瘤Ⅱ型,并发症,消化性溃疡
胃急性扩张,并发症,心功能障碍
胆囊-结肠肝曲粘连综合征,并发症,消化不良
敌鼠中毒,并发症,血尿
无排卵型功能失调性子宫出血,并发症,不孕症
包皮炎,并发症,性功能障碍
无汗症,并发症,硬皮病
鞭虫病,并发症,荨麻疹
胃食管反流病,并发症,幽门梗阻
无功能垂体腺瘤,并发症,月经不调
人格障碍,并发症,精神分裂症
妊娠高血压疾病,并发症,急性心力衰竭
热性嗜中性白细胞皮肤病,并发症,银屑病
妊娠合并肠梗阻,并发症,中毒性休克综合征
妊娠高血压疾病,并发症,肾功能衰竭
头癣,并发症,甲癣
全身黏液性水肿,并发症,心包积液
胃食管反流病,并发症,先天性短食管
溶血尿毒症综合征,并发症,意识障碍
单纯性外阴阴道念珠菌病,并发症,尖锐湿疣
缺铁性吞咽困难,并发症,食管癌
前葡萄膜炎,并发症,交感性眼炎
麻风,并发症,畸形性骨炎
慢性肺炎,并发症,心力衰竭
慢性肺炎,并发症,心律失常
躯体疾病伴发的精神障碍,并发症,精神分裂症
类癌综合征,并发症,休克
脑肝肾综合征,并发症,消化道出血
类癌综合征,并发症,哮喘
老年人脑心综合征,并发症,老年人脑出血
浓缩胆汁综合征,并发症,新生儿溶血病
湄公血吸虫病,并发症,结肠癌
湄公血吸虫病,并发症,急性阑尾炎
囊性纤维化,并发症,关节炎
湄公血吸虫病,并发症,原发性腹膜炎
脑萎缩,并发症,记忆障碍
尿毒症,并发症,肾功能衰竭
尿毒症,并发症,心律失常
尿毒症,并发症,心力衰竭
湄公血吸虫病,并发症,休克
尿路真菌感染,并发症,肾盂肾炎
高钙血症,并发症,肾结石
睾丸损伤,并发症,睾丸炎
弓形体病性巩膜炎,并发症,视神经萎缩
弓形体病性巩膜炎,并发症,视盘炎
肠扭转,并发症,休克
肠系膜淋巴结结核,并发症,幽门梗阻
肠套叠,并发症,休克
丛集性头痛,并发症,焦虑症
老年人尿毒症性肺炎,并发症,胸腔积液
高度房室传导阻滞,并发症,晕厥
老年人尿毒症性肺炎,并发症,老年人急性左心衰竭
高钙血症肾病,并发症,肾盂肾炎
高脂蛋白血症,并发症,急性胰腺炎
高度房室传导阻滞,并发症,心绞痛
高钙血症肾病,并发症,肾性尿崩症
冠状动脉异常起源主动脉,并发症,心肌梗死
高钙血症肾病,并发症,角膜病
高钙血症肾病,并发症,肾性糖尿
高血压病视网膜病变,并发症,血管瘤
小肠类癌,并发症,哮喘
先天性斜颈,并发症,颈椎病
小儿急性呼吸窘迫综合征,并发症,小儿肺水肿
小脑扁桃体下疝畸形,并发症,脊髓空洞症
新生儿低镁血症,并发症,心律失常
下肢交通静脉瓣膜关闭不全,并发症,血管瘤
先天性胸骨后膈疝,并发症,主动脉肠道瘘
下肢交通静脉瓣膜关闭不全,并发症,血管网织细胞瘤
下肢交通静脉瓣膜关闭不全,并发症,血管活性肠肽瘤
下肢交通静脉瓣膜关闭不全,并发症,血栓闭塞性脉管炎
风轮湿热,并发症,聚星障
原发性卵巢类癌综合征,并发症,心力衰竭
遗忘综合征,并发症,记忆障碍
阴道黑色素瘤,并发症,阴道恶性肿瘤
隐匿型乳腺癌,并发症,胸腔积液
油彩皮炎,并发症,瘙痒症
婴儿肢端脓疱病,并发症,急性淋巴管炎
硬化萎缩苔藓,并发症,瘙痒症
妇女咳嗽性遗尿,并发症,遗尿
原发性卵巢类癌综合征,并发症,三尖瓣闭锁不全
中枢神经系统肉芽肿性血管炎,并发症,淋巴瘤
中枢神经系统肉芽肿性血管炎,并发症,意识障碍
重链病,并发症,肾功能衰竭
种痘并发症,并发症,关节炎
血清病和血清病样反应,并发症,心肌炎
喉阻塞,并发症,心力衰竭
颏下间隙感染,并发症,静脉炎
喉气管瘢痕性狭窄,并发症,先天性声门下狭窄
混合性厌氧菌感染,并发症,休克
黑热病,并发症,血尿
颌下间隙感染,并发症,涎腺混合瘤
黑热病,并发症,粒细胞缺乏症
黑热病,并发症,细菌性痢疾
结肠息肉和息肉病,并发症,结肠癌
结肠息肉和息肉病,并发症,血吸虫病
筋痿,并发症,阳痿
急性上呼吸道感染,并发症,心肌炎
精原细胞瘤,并发症,睾丸肿瘤
膀胱上内疝,并发症,性功能障碍
膀胱葡萄状肉瘤,并发症,基底细胞瘤
急性上呼吸道感染,并发症,急性气管－支气管炎
盘尾丝虫病,并发症,视神经萎缩
膀胱与尿道结石,并发症,肾盂肾炎
膀胱与尿道结石,并发症,肾积脓
贫血伴发的精神障碍,并发症,意识障碍
前列腺炎,并发症,性欲减退
前列腺炎,并发症,精囊炎
前列腺炎,并发症,早泄
前列腺炎,并发症,睾丸炎
膀胱不发育与发育不全,并发症,肾盂肾炎
前列腺增生,并发症,肾积水
前列腺增生,并发症,血尿
神经源性肿瘤,并发症,神经内分泌肿瘤
缩窄性心包炎,并发症,心肌缺血
缩窄性心包炎,并发症,心律失常
输卵管狭窄,并发症,不孕症
输卵管狭窄,并发症,宫外孕
神经源性肿瘤,并发症,神经鞘源性肿瘤
食管类癌,并发症,食管癌
动脉硬化,并发症,心律失常
动脉硬化,并发症,心绞痛
窦性停搏,并发症,晕厥
大楼病综合征,并发症,抑郁症
韦格纳肉芽肿性巩膜炎,并发症,角膜炎
大叶性肺炎,并发症,中毒性休克综合征
韦格纳肉芽肿性巩膜炎,并发症,视盘水肿
无症状型心肌缺血,并发症,心肌梗死
蛋白质缺乏症,并发症,肌营养不良症
尾蚴性皮炎,并发症,荨麻疹
褥疮,并发症,骨髓炎
鼻硬结病,并发症,嗅觉障碍
鼻出血,并发症,巨幼细胞性贫血
软下疳,并发症,生殖器疱疹
妊娠合并糖尿病,并发症,急性心肌梗死
妊娠期心脏病,并发症,心力衰竭
妊娠期心脏病,并发症,亚急性感染性心内膜炎
气管及食管异物,并发症,食管损伤
潜伏梅毒,并发症,三期梅毒
巧克力囊肿,并发症,不孕症
Q热,并发症,心肌炎
Q热,并发症,胸腔积液
Q热,并发症,胸膜炎
前牙深覆盖,并发症,消化不良
龋齿,并发症,牙髓病
糖尿病心肌病,并发症,心律失常
糖尿病心肌病,并发症,心力衰竭
老年人缺血性心肌病,并发症,急性心肌梗死
麻痹性肠梗阻,并发症,血尿
老年人缺血性心肌病,并发症,心绞痛
膜性肾病,并发症,肾功能衰竭
老年人尿崩症,并发症,甲状腺功能减退
老烂腿,并发症,血栓闭塞性脉管炎
膜性肾病,并发症,肾静脉血栓
慢性肠炎,并发症,结肠癌
脉络膜缺血,并发症,视盘炎
泪腺分泌功能减退,并发症,角膜炎
男性尿道癌,并发症,血尿
颞骨骨折,并发症,眩晕
颞骨骨折,并发症,眼球震颤
臁疮,并发症,下肢静脉曲张
创伤性溃疡,并发症,牙龈炎
高渗性非酮症高血糖昏迷,并发症,休克
创伤性鼻出血,并发症,休克
产褥期乳腺炎,并发症,菌血症
持续性枕后位、枕横位,并发症,新生儿窒息
骨血管外皮细胞瘤,并发症,脊髓压迫症
巧克力囊肿,并发症,月经不调
新生儿皮下坏疽,并发症,中毒性休克综合征
小儿慢性肾小球肾炎,并发症,心力衰竭
风湿性心脏病,并发症,心力衰竭
复张性肺水肿,并发症,急性心力衰竭
小儿慢性肾小球肾炎,并发症,肾功能衰竭
风湿性心脏病,并发症,心律失常
成骨不全,并发症,肋骨骨折
复发性多发性软骨炎伴发的葡萄膜炎,并发症,视盘水肿
复发性多发性软骨炎伴发的葡萄膜炎,并发症,视神经炎
复发性溃疡,并发症,结肠瘘
肺嗜酸性粒细胞浸润症,并发症,心力衰竭
复发性坏死性黏膜周围炎,并发症,经行发热
原发性十二指肠恶性淋巴瘤,并发症,急性弥漫性腹膜炎
重症院内获得性肺炎,并发症,胸腔积液
化脓性关节炎,并发症,中毒性休克综合征
喉部创伤,并发症,休克
脊椎病,并发症,心律失常
脊椎病,并发症,颈椎病
戒酒综合征,并发症,急性胃炎
甲亢合并妊娠,并发症,新生儿窒息
接触性荨麻疹,并发症,哮喘
皮肤白喉,并发症,急性肾炎
皮肤脑膜瘤,并发症,脊柱侧凸
惊恐症,并发症,抑郁症
脾良性肿瘤,并发症,休克
椒疮,并发症,结膜干燥症
椒疮,并发症,上睑下垂
全葡萄膜炎,并发症,视神经萎缩
皮肤阿米巴病,并发症,月经不调
输卵管妊娠破裂,并发症,休克
失血性休克,并发症,急性肾功能衰竭
肾动脉狭窄,并发症,心肌梗死
肾母细胞瘤,并发症,急性肾功能衰竭
肾母细胞瘤,并发症,肾病综合征
失血性休克,并发症,意识障碍
肾母细胞瘤,并发症,精索静脉曲张
手干裂,并发症,皲裂疮
单纯性肺嗜酸粒细胞浸润症,并发症,荨麻疹
大量羊水吸入,并发症,吸入性肺炎
地高辛中毒,并发症,心律失常
肾动脉狭窄,并发症,心力衰竭
输卵管妊娠流产,并发症,休克
皮肤白细胞破碎性血管炎,并发症,系统性血管炎
窦性心动过速,并发症,心力衰竭
窦性心动过速,并发症,心源性休克
未分化结缔组织病,并发症,胸腔积液
未分化结缔组织病,并发症,心包积液
微量元素障碍,并发症,抑郁症
微量元素障碍,并发症,嗜睡症
微量元素障碍,并发症,牙龈炎
胆道张力低下综合征,并发症,消化不良
第五日综合征,并发症,急性阑尾炎
扁平足,并发症,松弛性跖痛症
髌骨骨折,并发症,挤压综合征
弱视,并发症,先天性白内障
乳汁吸入性肺炎,并发症,心力衰竭
乳汁吸入性肺炎,并发症,新生儿窒息
骶髂关节结核,并发症,胸膜炎
鼻骨骨折,并发症,休克
特发性青春期延迟,并发症,支气管哮喘
糖原贮积病Ⅴ型,并发症,肾功能衰竭
特发性迟发性免疫球蛋白缺乏症,并发症,血栓性血小板减少性紫癜
泌尿生殖系真菌病,并发症,肾功能衰竭
慢性硬脑膜下血肿,并发症,硬脑膜下血肿
特发性迟发性免疫球蛋白缺乏症,并发症,胸腺瘤
毛发腺瘤,并发症,结节病
慢性肾性贫血,并发症,肾功能衰竭
老年人院内获得性肺炎,并发症,胸膜炎
老年人院内获得性肺炎,并发症,急性心肌梗死
老年人院内获得性肺炎,并发症,休克
老年人神经症,并发症,心律失常
老年人院内获得性肺炎,并发症,心律失常
老年人院内获得性肺炎,并发症,心力衰竭
老年人原发性肝癌,并发症,消化道出血
流行性斑疹伤寒,并发症,急性肾炎
颅内高压综合征,并发症,上消化道出血
颅内高压综合征,并发症,急性肾功能衰竭
颅内高压综合征,并发症,意识障碍
老年人神经梅毒,并发症,视神经萎缩
淋巴管肉瘤,并发症,细菌性肺炎
包皮阴茎头炎,并发症,尖锐湿疣
脓性指头炎,并发症,骨髓炎
脑挫裂伤,并发症,记忆障碍
尿道下裂,并发症,隐睾
骨硬化病,并发症,鸡胸
杆菌性上皮样血管瘤病,并发症,菌血症
脑膜炎,并发症,休克
脑栓塞,并发症,心律失常
脑弓形体病,并发症,关节炎
脑室内出血,并发症,上消化道出血
脑脊液漏,并发症,意识障碍
利斯特菌病,并发症,骨髓炎
出血性疾病,并发症,休克
创伤性窒息,并发症,肋骨骨折
成人脐疝,并发症,上消化道出血
细菌性心内膜炎,并发症,心力衰竭
创伤性枢椎前滑脱,并发症,脊椎外伤
先天性梅毒性肝硬化,并发症,上消化道出血
成人脐疝,并发症,急性腹膜炎
细菌性心内膜炎,并发症,心律失常
血气胸,并发症,休克
膝内翻,并发症,膝关节骨性关节炎
原发性肾上腺皮质功能减退症,并发症,休克
副银屑病,并发症,银屑病
婴儿肌纤维瘤病,并发症,结节病
原发性急性闭角型青光眼,并发症,视网膜中央静脉阻塞
真菌性脑膜炎,并发症,意识障碍
自发性血胸,并发症,休克
子宫收缩过强,并发症,新生儿颅内出血
化学烧伤,并发症,急性肾功能衰竭
红斑性肢痛症,并发症,系统性红斑狼疮
颌面部神经纤维瘤,并发症,结节病
子宫性不孕,并发症,不孕症
花斑癣,并发症,银屑病
常年性鼻炎,并发症,咽鼓管阻塞
喉痹,并发症,急性喉炎
急性淋巴细胞白血病,并发症,血小板减少症
急性淋巴细胞白血病,并发症,消化道出血
结节性硬化,并发症,心力衰竭
皮肤瘙痒症,并发症,湿疹
皮肤弓形体病,并发症,脊柱裂
皮肤恶性黑色素瘤,并发症,急性淋巴结炎
撕脱骨折,并发症,休克
植物神经功能障碍,并发症,消化系统疾病伴发的精神障碍
实体肿瘤的肾损害,并发症,肾病综合征
撕脱骨折,并发症,关节炎
肾绞痛,并发症,肾积水
复发性外阴阴道念珠菌病,并发症,尖锐湿疣
大网膜扭转,并发症,结节性多动脉炎
胆道运动功能障碍综合征,并发症,小儿胆道蛔虫症
动脉瘤,并发症,颅内动脉瘤
完全性大动脉转位,并发症,心室间隔缺损
完全性大动脉转位,并发症,心力衰竭
鼻疖,并发症,静脉炎
巴雷特食管,并发症,吸入性肺炎
白喉性心肌炎,并发症,心源性休克
白喉性心肌炎,并发症,心律失常
变应性皮肤结节性血管炎,并发症,静脉曲张
瑞列绦虫病,并发症,视神经萎缩
Rh血型不合,并发症,新生儿胆红素脑病
乳头皲裂,并发症,急性乳腺炎
糖尿病心脏病,并发症,心绞痛
胎儿乙醇综合征,并发症,血管瘤
胎儿乙醇综合征,并发症,婴儿成神经细胞瘤
糖尿病心脏病,并发症,急性心肌梗死
糖尿病心脏病,并发症,心源性休克
糖尿病心脏病,并发症,心律失常
炭疽,并发症,心肌炎
炭疽,并发症,胸膜炎
胎记,并发症,血管瘤
胎膜早破,并发症,新生儿坏死性小肠结肠炎
胎儿乙醇综合征,并发症,小儿室间隔缺损
其他病毒肺炎,并发症,休克
其他病毒肺炎,并发症,心力衰竭
前列腺囊肿,并发症,肾发育不全
缺血性结肠炎,并发症,休克
缺血性结肠炎,并发症,心脏病
缺血性肝炎,并发症,休克
缺血性视盘病变,并发症,视神经萎缩
其他沙门菌感染,并发症,骨髓炎
前列腺囊肿,并发症,隐睾
其他晶体性关节病,并发症,心肌病
倾倒综合征,并发症,晕厥
麻痹性睑外翻,并发症,视神经炎
慢性自身免疫性甲状腺炎,并发症,淋巴瘤
老年人乳腺癌,并发症,胸腔积液
老年人乳腺癌,并发症,肝大
慢性自身免疫性甲状腺炎,并发症,甲状腺癌
胎粪性便秘,并发症,新生儿呕吐
淋巴细胞脉络丛脑膜炎,并发症,睾丸炎
镰状细胞贫血,并发症,骨髓炎
猫抓病,并发症,骨髓炎
猫抓病,并发症,关节炎
毛根鞘癌,并发症,鳞状细胞癌
镰状细胞贫血,并发症,股骨头坏死
老年人急进性肾炎,并发症,心脏病
老年人不稳定型心绞痛,并发症,急性心肌梗死
慢性自身免疫性甲状腺炎,并发症,腺淋巴瘤
老年人糖尿病性心脏病,并发症,心源性休克
脑膜瘤,并发症,嗅觉障碍
老年人糖尿病性心脏病,并发症,心律失常
穿腹膜疝,并发症,中毒性休克综合征
感染性关节炎,并发症,骨髓炎
高原适应不全症,并发症,急性高原病
长Q-T间期综合征,并发症,晕厥
高颅压性脑积水,并发症,性早熟
藏毛性疾病,并发症,鳞状细胞癌
抽搐与惊厥,并发症,意识障碍
心阴虚,并发症,失眠症
初潮痛经,并发症,哮喘
胸腺癌,并发症,肾病综合征
血管角化瘤,并发症,心肌病
小儿原发性膀胱输尿管反流,并发症,肾积水
肺血管炎,并发症,角膜炎
肺炎链球菌败血症,并发症,骨髓炎
共同性斜视,并发症,眩晕
阴茎痰核,并发症,阳痿
复发性多软骨炎性巩膜炎,并发症,视盘水肿
原发性阴道恶性淋巴瘤,并发症,宫颈癌
阴茎结核,并发症,血尿
眼眶蜂窝织炎,并发症,视神经炎
衣原体尿路感染,并发症,宫外孕
眼眶蜂窝织炎,并发症,眼眶脓肿
阻生齿,并发症,牙列拥挤
阴茎结核,并发症,肾结核
中毒性细菌性痢疾,并发症,急性心功能不全
中毒性细菌性痢疾,并发症,急性呼吸窘迫综合征
红细胞生成性卟啉病,并发症,系统性红斑狼疮
紫绀-杵状指-肝病综合征,并发症,上消化道出血
黑舌,并发症,肾结石
黑布拉痒疹,并发症,湿疹
结肠血管扩张症,并发症,休克
继发性红细胞增多症,并发症,心绞痛
急性间歇性卟啉病,并发症,抑郁症
皮肤利什曼病,并发症,急性淋巴管炎
偏头痛,并发症,眩晕
偏头痛,并发症,意识障碍
帕金森病,并发症,抑郁症
铍中毒,并发症,接触性皮炎
偏头痛,并发症,心律失常
皮肤猪囊尾蚴病,并发症,心包囊肿
脊髓栓系综合征,并发症,血管瘤
脊髓栓系综合征,并发症,脊柱裂
间质性肾炎,并发症,肾小管性酸中毒
结核性心包炎,并发症,心原性肝硬化
间质性肾炎,并发症,肾性糖尿
破伤风,并发症,休克
髓性多汗症,并发症,抑郁症
上颌后缩,并发症,畸形性骨炎
室性逸搏及室性逸搏心律,并发症,心力衰竭
室性逸搏及室性逸搏心律,并发症,心绞痛
多发性斑状色素沉着症,并发症,抑郁症
社会获得性肺炎,并发症,休克
社会获得性肺炎,并发症,心肌炎
室性逸搏及室性逸搏心律,并发症,休克
室性逸搏及室性逸搏心律,并发症,晕厥
室性逸搏及室性逸搏心律,并发症,眩晕
多房棘球蚴病,并发症,胸腔积液
多肾盏畸形,并发症,肾结石
无排卵性不孕症,并发症,月经不调
白塞病伴发的精神障碍,并发症,结节性红斑
微囊肿腺癌,并发症,结节病
多骨纤维发育不良,并发症,高泌乳素血症
多杀巴斯德杆菌病,并发症,骨髓炎
鼻窦鳞状细胞癌的眼部病变,并发症,视神经萎缩
布氏杆菌性关节炎,并发症,菌血症
布氏菌肺炎,并发症,心肌炎
肉瘿,并发症,月经不调
妊娠合并弓形虫病,并发症,心肌炎
糖尿病肾病,并发症,肾病综合征
妊娠合并沙眼衣原体感染,并发症,新生儿肺炎
妊娠合并获得性免疫缺陷综合征,并发症,淋巴瘤
头-面血管瘤综合征,并发症,脊髓空洞症
头-面血管瘤综合征,并发症,脊柱裂
头-面血管瘤综合征,并发症,视神经萎缩
头-面血管瘤综合征,并发症,隐睾
头痛,并发症,眩晕
特发性高嗜酸性细胞综合征,并发症,心力衰竭
头痛,并发症,意识障碍
蹄铁形肾,并发症,肾积水
糖尿病酮症酸中毒,并发症,急性胃扩张
糖尿病酮症酸中毒,并发症,急性胰腺炎
糖尿病酮症酸中毒,并发症,急性肾功能衰竭
强碱类中毒,并发症,休克
强碱类中毒,并发症,胸膜炎
吞气症,并发症,小儿呕吐
铅中毒,并发症,肝大
糖尿病酮症酸中毒,并发症,休克
糖尿病酮症酸中毒,并发症,心肌梗死
糖尿病酮症酸中毒,并发症,心律失常
球孢子菌病,并发症,胸腔积液
盲肠旁疝,并发症,休克
老年急性动脉栓塞,并发症,休克
老年人肺心病,并发症,老年人肺气肿
老年人风湿性心脏病,并发症,心律失常
老年人肺心病,并发症,上消化道出血
汽油、煤油中毒,并发症,嗜睡症
老年人风湿性心脏病,并发症,心肌梗死
男性生殖系结核,并发症,肾结核
脓毒症和菌血症,并发症,心肌炎
尿毒症昏迷,并发症,血尿
脓毒症和菌血症,并发症,骨髓炎
诺卡菌病,并发症,心肌炎
脓毒症和菌血症,并发症,消化道出血
老年人甲状腺功能亢进症,并发症,休克
老年人甲状腺功能亢进症,并发症,心律失常
老年人甲状腺功能亢进症,并发症,心绞痛
老年人甲状腺功能亢进症,并发症,心肌梗死
老年人甲状腺功能亢进症,并发症,老年人类风湿性关节炎
老年人恶性心包积液,并发症,心功能障碍
老年人甲状腺功能亢进症,并发症,甲亢性心脏病
创伤性膈疝,并发症,中毒性休克综合征
创伤性膈疝,并发症,急性弥漫性腹膜炎
小儿淹溺,并发症,急性肾功能衰竭
痴呆,并发症,抑郁症
小儿淹溺,并发症,休克
抽动症,并发症,小儿多动症
小儿淹溺,并发症,心律失常
小儿淹溺,并发症,吸入性肺炎
小儿遗尿,并发症,焦虑症
小儿胃结块症,并发症,幽门梗阻
常现丝虫病,并发症,心力衰竭
常现丝虫病,并发症,关节炎
肺炎衣原体感染,并发症,心肌炎
痱,并发症,疖
运动神经元疾病,并发症,肌萎缩侧索硬化症
郁证,并发症,抑郁症
延迟性应激反应,并发症,焦虑症
婴幼儿胃食管反流,并发症,吸入性肺炎
指甲-髌骨综合征,并发症,肾结石
致心律失常性右室心肌病,并发症,晕厥
花柳病,并发症,三期梅毒
致心律失常性右室心肌病,并发症,心律失常
延迟性应激反应,并发症,抑郁症
黄水疮,并发症,急性淋巴结炎
花柳病,并发症,一期梅毒
环形胰腺,并发症,急性胰腺炎
环形胰腺,并发症,先天性心脏病
环形胰腺,并发症,消化性溃疡
喉粘液囊肿,并发症,急性喉炎
喉粘液囊肿,并发症,急性扁桃体炎
急性蜂窝织炎,并发症,休克
妇女多毛症,并发症,月经不调
甲状腺结节钙化,并发症,肾小管性酸中毒
坏死性肠炎,并发症,休克
急性中耳炎,并发症,急性乳突炎
膀胱颈挛缩,并发症,肾积水
硼酸中毒,并发症,休克
Plummer-Vinson综合征,并发症,食管癌
膀胱炎,并发症,肾积水
膀胱癌,并发症,血尿
皮肌炎,并发症,心力衰竭
皮肌炎,并发症,胸膜炎
急性化脓性甲状腺炎,并发症,甲状腺功能减退
家族性良性天疱疮,并发症,湿疹
漆疮,并发症,湿疹
盘状红斑狼疮,并发症,鳞状细胞癌
嵌顿性腹股沟斜疝,并发症,急性弥漫性腹膜炎
多源性房性心动过速,并发症,心力衰竭
多灶性脉络膜炎伴全葡萄膜炎,并发症,视神经萎缩
外阴烧伤、烫伤和化学损伤,并发症,菌血症
窦房传导阻滞,并发症,晕厥
外阴血管外皮细胞瘤,并发症,血管瘤
短暂性大脑缺血性发作,并发症,颈椎病
巴德-吉亚利综合征,并发症,休克
暴发性肝衰竭,并发症,上消化道出血
闭合性脊髓损伤,并发症,静脉炎
胞痹,并发症,遗尿
妊娠合并心脏病,并发症,心力衰竭
妊娠合并心脏病,并发症,亚急性感染性心内膜炎
妊娠合并支原体感染,并发症,新生儿肺炎
日光角化病,并发症,鳞状细胞癌
步态异常,并发症,小儿脑肿瘤
特发性阻塞性细支气管炎伴机化性肺炎,并发症,淋巴瘤
铊中毒,并发症,血尿
特发性血小板减少性紫癜,并发症,休克
铁中毒,并发症,休克
铁中毒,并发症,肾功能衰竭
铊中毒,并发症,嗜睡症
铊中毒,并发症,急性中毒性脑炎
痛风,并发症,股骨头坏死
痛风,并发症,急性肾功能衰竭
痛风,并发症,肾结石
胎盘早剥,并发症,急性肾功能衰竭
胎盘早剥,并发症,羊水栓塞
强酸类中毒,并发症,休克
毛细血管或静脉血栓形成,并发症,静脉血栓形成
面游风,并发症,瘙痒症
面游风,并发症,湿疹
毛细血管扩张性共济失调综合征,并发症,淋巴瘤
毛细血管扩张性共济失调综合征,并发症,斜视
毛细血管扩张性共济失调综合征,并发症,眼球震颤
梅核气,并发症,抑郁症
毛细淋巴管瘤,并发症,急性淋巴管炎
类固醇后脂膜炎,并发症,股骨头坏死
诺瓦克病毒性胃肠炎,并发症,休克
脓毒性休克,并发症,肾功能衰竭
牛带绦虫病,并发症,休克
尿道结核,并发症,肾结核
牛带绦虫病,并发症,急性阑尾炎
老年人胆石症,并发症,急性胰腺炎
念珠龟头炎,并发症,肾盂肾炎
泪腺多形性腺瘤,并发症,上睑下垂
念珠龟头炎,并发症,睾丸炎
泪腺多形性腺瘤,并发症,眼球运动障碍
橄榄体脑桥小脑萎缩,并发症,晕厥
骨母细胞瘤,并发症,脊髓压迫症
脑动脉盗血综合征,并发症,眩晕
小儿继发性免疫缺陷病,并发症,骨髓炎
先天性巨大色素痣,并发症,纤维瘤病
传导性腹痛,并发症,胰腺损伤
先天性肝纤维化,并发症,胰腺囊肿
腹腔干动脉瘤,并发症,休克
膝外翻,并发症,膝关节骨性关节炎
先天性肝纤维化,并发症,消化道出血
腹壁坏死性筋膜炎,并发症,急性胰腺炎
腹壁血栓性静脉炎,并发症,静脉炎
羊胡疮,并发症,瘙痒症
眼睑丹毒,并发症,急性蜂窝组织炎
遗传过敏性皮炎,并发症,鱼鳞病
舟骨骨折,并发症,血管损伤
喉火器伤,并发症,骨髓炎
喉火器伤,并发症,吸入性肺炎
转换性障碍,并发症,抑郁症
H7N9型禽流感,并发症,心力衰竭
狐臭,并发症,抑郁症
甲状腺功能减退性心肌病,并发症,心绞痛
甲状腺功能减退性心肌病,并发症,心律失常
急性牙髓炎,并发症,牙髓病
皮肤过敏,并发症,荨麻疹
滑膜炎,并发症,跟腱后滑囊炎
佩吉特病样网状细胞增生症,并发症,淋巴瘤
泡性眼炎,并发症,角膜炎
葡萄球菌感染,并发症,疖
葡萄球菌感染,并发症,骨髓炎
泡性角结膜炎,并发症,角膜炎
精子增多症,并发症,嗜睡症
精子增多症,并发症,阳痿
绝经后卵巢恶性肿瘤,并发症,休克
葡萄球菌感染,并发症,痈
海绵体血管瘤,并发症,脊髓压迫症
盆腔淤血综合征,并发症,血尿
葡萄胎,并发症,心力衰竭
肾脏疾病伴发的精神障碍,并发症,焦虑症
眶骨膜下脓肿,并发症,眼球突出
膀胱移行细胞癌,并发症,肾功能衰竭
舌下神经损伤,并发症,吸入性肺炎
盆腔炎,并发症,急性弥漫性腹膜炎
盆腔炎,并发症,月经不调
青少年及小儿卵巢肿瘤,并发症,畸胎瘤
柯萨奇病毒和埃可病毒感染,并发症,心肌炎
窥阴癖,并发症,性功能异常伴发的精神障碍
窥阴癖,并发症,性功能障碍
狂犬病,并发症,心律失常
毒鱼刺伤,并发症,心律失常
弯曲菌肠炎,并发症,关节炎
网状青斑和青斑性血管炎,并发症,淋巴瘤
外源性光感性皮炎,并发症,瘙痒症
外阴血吸虫病,并发症,消化道出血
毒性弥漫性甲状腺肿,并发症,眼球运动障碍
外阴血管瘤,并发症,血管瘤
白带异常,并发症,宫颈癌
包皮水肿,并发症,阳痿
病理性神经损伤,并发症,神经性呕吐
包皮水肿,并发症,睾丸炎
表演型人格障碍,并发症,精神分裂症
痛经,并发症,不孕症
乳头侵蚀性腺瘤病,并发症,性冷淡
臀先露,并发症,新生儿窒息
突发性聋,并发症,眩晕
突发性耳聋,并发症,鼓膜外伤
头皮血肿,并发症,休克
头皮感染,并发症,颅骨骨髓炎
头外伤,并发症,休克
头皮及颅骨烧伤,并发症,颅骨缺损
球后视神经炎,并发症,视神经萎缩
头皮及颅骨烧伤,并发症,心律失常
特发性葡萄膜大脑炎,并发症,巩膜炎
青光眼睫状体炎综合征,并发症,色素性青光眼
乳头侵蚀性腺瘤病,并发症,月经不调
强直性脊柱炎,并发症,脊髓压迫症
强直性脊柱炎,并发症,胸膜炎
毛囊性黏蛋白病,并发症,淋巴瘤
强直性脊柱炎,并发症,心肌炎
毛囊周围纤维瘤,并发症,纤维毛囊瘤
毛囊周围纤维瘤,并发症,结肠息肉
颧骨骨折,并发症,眼球内陷
气性坏疽,并发症,菌血症
气性坏疽,并发症,休克
蔓状血管瘤,并发症,血管瘤
慢性缩窄性心包炎,并发症,急性肾功能衰竭
颅内脂肪瘤,并发症,漏斗胸
颅内脂肪瘤,并发症,脊柱裂
老年人高钠血症,并发症,心力衰竭
卵巢恶性中胚叶混合瘤,并发症,休克
老年人急性胰腺炎,并发症,急性呼吸窘迫综合征
人乳头瘤病毒感染,并发症,尖锐湿疣
老年人急性胰腺炎,并发症,消化道出血
老年人急性胰腺炎,并发症,心力衰竭
脑发育不良,并发症,意识障碍
老年人急性胰腺炎,并发症,休克
镰状细胞性肾病,并发症,急性肾功能衰竭
镰状细胞性肾病,并发症,骨髓炎
老年人急性胰腺炎,并发症,心律失常
老年人环咽肌功能障碍,并发症,吸入性肺炎
卵巢功能缺如综合征,并发症,老年性阴道炎
慢性缩窄性心包炎,并发症,心律失常
慢性肝病,并发症,肝大
慢性肝病,并发症,乙肝
慢性泪囊炎,并发症,角膜炎
男科外伤,并发症,睾丸肿瘤
男科外伤,并发症,阴茎异常勃起
奶麻,并发症,小儿高热
脓包疮,并发症,急性肾炎
脓包疮,并发症,急性淋巴结炎
脓包疮,并发症,急性淋巴管炎
骨不连,并发症,胫腓下联合前部分离
脓窠疮,并发症,小儿发烧
肝结石,并发症,急性化脓性胆管炎
冲动型人格障碍,并发症,焦虑症
赤膜下垂,并发症,巩膜炎
冲动型人格障碍,并发症,抑郁症
赤白游风,并发症,血尿
细菌感染,并发症,菌血症
小儿心肌炎,并发症,心力衰竭
心理障碍,并发症,抑郁症
新生儿消化不良,并发症,小儿营养不良
新生儿先天性膈疝,并发症,休克
产气杆菌肠炎,并发症,休克
新生儿先天性膈疝,并发症,新生儿呼吸窘迫综合征
小儿心肌炎,并发症,心动过缓
小儿心肌炎,并发症,心源性休克
小儿心肌炎,并发症,心律失常
赤白游风,并发症,视盘水肿
腹主动脉缩窄,并发症,心力衰竭
肺痿,并发症,眩晕
肺痿,并发症,遗尿
腹壁挫伤,并发症,心律失常
妇女雄激素源性秃发,并发症,不孕症
阴道横隔,并发症,性交疼痛
副肿瘤性斜视性眼肌阵挛-肌阵挛,并发症,神经母细胞瘤
阳强,并发症,阴茎异常勃起
隐球菌病,并发症,肾盂肾炎
小儿毛细支气管炎,并发症,心力衰竭
圆锥角膜,并发症,角膜病
脏躁,并发症,抑郁症
自身免疫性甲状腺疾病相关肾病,并发症,甲状腺腺瘤
职业性皮肤癌,并发症,肾功能衰竭
火激红斑,并发症,抑郁症
H7n7,并发症,休克
H7n7,并发症,胸腔积液
获得性免疫缺陷综合征视网膜病变,并发症,细菌性角膜溃疡
H7n7,并发症,急性呼吸窘迫综合征
获得性免疫缺陷综合征的消化系统损害,并发症,弓形虫病
获得性免疫缺陷综合征视网膜病变,并发症,巩膜炎
自身免疫性甲状腺疾病相关肾病,并发症,甲状腺功能减退
获得性免疫缺陷综合征的神经系统表现,并发症,弓形虫病
继发性白血病,并发症,休克
皮肤癌,并发症,颈部淋巴结转移癌
皮肤囊肿,并发症,基底细胞瘤
膀胱外翻,并发症,脊柱裂
急性肾小球肾炎,并发症,急性肾功能衰竭
急性肾小球肾炎,并发症,血尿
急性肾小球肾炎,并发症,心力衰竭
急性肾小球肾炎,并发症,肝大
假麦格综合征,并发症,胸腔积液
痉挛性脑瘫,并发症,哮喘
急性肾小球肾炎,并发症,视盘水肿
急性细菌性前列腺炎,并发症,性功能障碍
急性细菌性前列腺炎,并发症,精囊炎
结直肠损伤,并发症,结肠损伤
急性细菌性前列腺炎,并发症,急性膀胱炎
舌静脉曲张,并发症,静脉曲张
失语症,并发症,记忆障碍
肾周围炎,并发症,肾积水
深海恐惧症,并发症,抑郁症
沙门氏菌性肺炎,并发症,心律失常
髋关节前脱位,并发症,血管损伤
科干综合征,并发症,紧张性头痛
动脉阻塞或狭窄视网膜病变,并发症,视神经萎缩
低钾血症,并发症,心律失常
低渗性脱水,并发症,休克
维生素D缺乏性佝偻病,并发症,鸡胸
维生素D缺乏性佝偻病,并发症,漏斗胸
沃纳综合征,并发症,纤维肉瘤
沃纳综合征,并发症,肝大
不孕不育,并发症,早泄
暴泻,并发症,休克
妊娠性急性阑尾炎,并发症,急性弥漫性腹膜炎
不孕不育,并发症,急性腮腺炎性睾丸炎
无脊髓损伤的颈椎骨折脱位,并发症,颈椎骨折脱位
不孕不育,并发症,先天性无阴道
胃脂肪瘤,并发症,消化道出血
同型胱氨酸尿症,并发症,脊柱侧凸
痛性肥胖病,并发症,抑郁症
天花,并发症,睾丸炎
天花,并发症,胸膜炎
透明细胞软骨肉瘤,并发症,骨膜性软骨肉瘤
胎儿窘迫,并发症,新生儿缺氧缺血性脑病
脐尿管瘘,并发症,菌血症
切除术后内疝,并发症,急性胰腺炎
Q热肺炎,并发症,胸膜炎
浅表性静脉炎,并发症,静脉血栓形成
慢性咳嗽,并发症,哮喘
慢性牙髓炎,并发症,牙髓病
猛兽伤,并发症,血管损伤
老年人肺栓塞,并发症,休克
慢性自律性房性心动过速,并发症,心肌病
慢性自律性房性心动过速,并发症,心律失常
浅表性静脉炎,并发症,静脉炎
良性脑瘤,并发症,巨人症
鸟枪弹样视网膜脉络膜病变,并发症,视神经萎缩
黏多糖贮积症Ⅳ型,并发症,小儿遗传性痉挛性截瘫
黏多糖贮积症Ⅵ型,并发症,心力衰竭
黏多糖贮积症Ⅴ型,并发症,肝大
过敏性血管炎,并发症,肾病综合征
黏脂贮积症Ⅱ型,并发症,先天性髋关节脱位
宫颈疾病,并发症,不孕症
宫颈疾病,并发症,宫颈癌
过敏性血管炎,并发症,血尿
过敏性血管炎,并发症,消化道出血
老年人脊髓亚急性联合变性,并发症,视神经萎缩
股后肌劳损,并发症,腰肌劳损
肠结,并发症,休克
肝肾综合征,并发症,消化道出血
臭汗恐惧症,并发症,抑郁症
创伤性肩关节后脱位,并发症,血管损伤
先天性睾丸发育不全,并发症,斜颈
颤证,并发症,小舞蹈病
性心理障碍,并发症,抑郁症
小肠扭转,并发症,休克
先天性睾丸发育不全,并发症,隐睾
锌缺乏病,并发症,小儿肠病性肢端皮炎
非IgA系膜增生性肾炎,并发症,肾病综合征
锌缺乏病,并发症,小儿营养不良
系统性红斑狼疮性巩膜炎,并发症,角膜炎
系统性红斑狼疮性巩膜炎,并发症,视网膜中央静脉阻塞
宫颈疾病,并发症,月经不调
非器质性性欲减退,并发症,性欲减退
非器质性性欲减退,并发症,抑郁症
移植后淋巴增殖性疾病,并发症,淋巴瘤
亚临床甲状腺功能亢进,并发症,心律失常
牙龈瘘管,并发症,牙龈炎
牙龈瘘管,并发症,牙龈癌
火器性颅脑损伤,并发症,休克
掌侧化脓性腱鞘炎、滑囊炎和深间隙感染,并发症,积聚
获得性免疫缺陷综合征相关淋巴瘤,并发症,消化道出血
获得性高脂蛋白血症,并发症,急性胰腺炎
增殖体肥大,并发症,咽扁桃体肥大
寰枢椎脱位,并发症,小脑扁桃体下疝
急性胆管炎,并发症,休克
寄生虫性尿路感染,并发症,荨麻疹
寄生虫性尿路感染,并发症,哮喘
忽略症,并发症,失认症
疱疹样脓疱病,并发症,心力衰竭
疱疹样脓疱病,并发症,肾功能衰竭
急性酒中毒,并发症,酒中毒性小脑变性
膀胱腺癌,并发症,血尿
皮层性多汗症,并发症,疖
肾周脓肿,并发症,胸腔积液
湿热蕴脾,并发症,颅咽管瘤
湿热蕴脾,并发症,小儿风湿热
肾功能不全,并发症,嗜睡症
肾功能不全,并发症,心力衰竭
肾功能不全,并发症,急性肾功能衰竭
湿热蕴脾,并发症,新生儿泪囊炎
皮肤颌口虫病,并发症,角膜炎
输卵管性不孕,并发症,月经不调
葡萄膜病,并发症,角膜葡萄肿
缺血性脑卒中,并发症,下肢深静脉血栓形成
输卵管性不孕,并发症,不孕症
缺血性脑卒中,并发症,吸入性肺炎
气管食管瘘,并发症,急性呼吸窘迫综合征
卡氏肺囊虫病,并发症,弓形虫病
眶下间隙感染,并发症,急性海绵窦栓塞性静脉炎
溃疡病急性穿孔,并发症,休克
溃疡病大出血,并发症,休克
溃疡病大出血,并发症,幽门梗阻
大咯血,并发症,吸入性肺炎
等渗性脱水,并发症,休克
单发脑梗死性痴呆,并发症,抑郁症
胆汁性腹膜炎,并发症,休克
维生素B1缺乏病,并发症,心肌炎
外阴肿瘤,并发症,静脉曲张
维生素B1缺乏病,并发症,急性淋巴管炎
办公室综合症,并发症,颈椎病
奔豚气,并发症,肾虚
维生素B1缺乏病,并发症,甲癣
维生素B1缺乏病,并发症,手癣
病理性骨折,并发症,休克
不稳定型心绞痛,并发症,急性心肌梗死
妊娠期糖尿病,并发症,羊水过多
乳腺纤维肉瘤,并发症,急性肾功能衰竭
肉孢子虫病,并发症,心肌炎
乳糜泻,并发症,食管癌
吞咽困难,并发症,食管癌
乳头内陷,并发症,急性乳腺炎
球形肺炎,并发症,心肌炎
球形肺炎,并发症,心律失常
缺血性多形性室性心动过速,并发症,心力衰竭
缺血性多形性室性心动过速,并发症,晕厥
躯体形式障碍,并发症,抑郁症
躯体感觉障碍,并发症,脊髓空洞症
缺血性多形性室性心动过速,并发症,心绞痛
躯体形式障碍,并发症,焦虑症
特异性心肌病,并发症,心律失常
吐失,并发症,系统性红斑狼疮
胎盘部位滋养细胞肿瘤,并发症,肾病综合征
吐失,并发症,硬皮病
毛霉病,并发症,甲沟炎
麻疹病毒肺炎,并发症,细菌性肺炎
毛囊瘤,并发症,纤维毛囊瘤
淋巴丝虫病,并发症,睾丸炎
老年人甲亢性心脏病,并发症,心力衰竭
老年人甲亢性心脏病,并发症,心律失常
老年人心源性休克,并发症,心律失常
老年人甲亢性心脏病,并发症,心肌梗死
老年人甲亢性心脏病,并发症,心绞痛
淋巴结结核,并发症,颈部淋巴结结核
毛细血管扩张性环状紫癜,并发症,色素紫癜性皮炎
黏液纤维肉瘤,并发症,纤维肉瘤
镍皮炎,并发症,荨麻疹
尿毒症性心肌病,并发症,心力衰竭
肝豆状核变性伴发的精神障碍,并发症,上消化道出血
尿毒症性心肌病,并发症,心律失常
光化性角化病,并发症,鳞状细胞癌
冠状动脉瘤,并发症,急性心肌梗死
干燥综合征神经系统损害,并发症,系统性红斑狼疮
干燥综合征神经系统损害,并发症,硬皮病
持续性交接区折返性心动过速,并发症,心肌病
出血性膀胱炎,并发症,休克
心理疾病,并发症,抑郁症
心理疾病,并发症,焦虑症
血瘤,并发症,血管网织细胞瘤
小儿溃疡性结肠炎,并发症,肾结石
小儿溃疡性结肠炎,并发症,下消化道出血
肺血吸虫病,并发症,心力衰竭
眼眶击出性骨折,并发症,眼球突出
隐匿型肾炎,并发症,血尿
遗传性球形红细胞增多症,并发症,心肌病
脂肪栓塞综合征,并发症,意识障碍
自发性蛛网膜下腔出血,并发症,意识障碍
中满,并发症,吸收不良综合征
自发性蛛网膜下腔出血,并发症,心律失常
中满,并发症,结核性腹膜炎
喉气管食管裂,并发症,吸入性肺炎
结核性盆腔炎,并发症,不孕症
急性粒细胞性白血病,并发症,消化道出血
角化棘皮瘤,并发症,肾移植
后牙反合,并发症,牙龈炎
回归热,并发症,哮喘
喉麻痹,并发症,声带息肉
回归热型结节性非化脓性脂膜炎,并发症,心肌病
石棉状糠疹,并发症,瘙痒症
皮质性遗忘症,并发症,记忆障碍
皮质性遗忘症,并发症,焦虑症
皮质性遗忘症,并发症,抑郁症
生理性卵巢囊肿,并发症,卵巢癌
前庭功能紊乱,并发症,晕动病
色素性痒疹,并发症,药疹
生理性卵巢囊肿,并发症,不孕症
髓母细胞瘤,并发症,小脑扁桃体疝
平滑肌错构瘤,并发症,痒疹
前庭功能紊乱,并发症,眩晕
宿醉,并发症,急性胃炎
前列腺病,并发症,性欲减退
前列腺病,并发症,阳痿
前列腺病,并发症,早泄
溃疡性结肠炎,并发症,结肠癌
前庭功能紊乱,并发症,小儿迷路水肿-耳性眩晕综合征
枯草热,并发症,哮喘
奎宁中毒,并发症,哮喘
扩张型心肌病,并发症,胸腔积液
扩张型心肌病,并发症,心力衰竭
扩张型心肌病,并发症,心律失常
克罗恩病,并发症,结肠癌
克山病,并发症,心律失常
克山病,并发症,心源性休克
克罗恩病,并发症,消化道出血
多发梗塞性痴呆,并发症,肾功能衰竭
单眼双上转肌麻痹,并发症,斜视
胆总管结石,并发症,急性化脓性胆管炎
低血糖综合征,并发症,胰腺囊肿
多发性骨骺发育不良,并发症,脊柱侧凸
尾骨骨折与脱位,并发症,休克
多发性硬化伴发的葡萄膜炎,并发症,视神经萎缩
外阴转移性癌,并发症,卵巢癌
外阴转移性癌,并发症,宫颈癌
微小病变型肾病,并发症,肾性糖尿
变形杆菌肺炎,并发症,菌血症
库欣综合征,并发症,肾结石
韦尼克脑病,并发症,心力衰竭
微小病变型肾病,并发症,急性肾功能衰竭
微小病变型肾病,并发症,静脉血栓形成
微小病变型肾病,并发症,胸膜炎
并发截瘫的脊柱结核,并发症,颈椎结核
微小病变型肾病,并发症,肾功能衰竭
外阴基底细胞癌,并发症,宫颈癌
?耳,并发症,急性化脓性中耳炎
日本血吸虫病,并发症,结肠癌
闭锁肺综合征,并发症,心律失常
闭塞性动脉硬化,并发症,阳痿
特发性尿钙增多症,并发症,继发性甲状旁腺功能亢进症
头皮损伤,并发症,休克
头皮损伤,并发症,骨髓炎
侵袭性大肠埃希氏菌肠炎,并发症,关节炎
气压伤,并发症,眩晕
侵袭性大肠埃希氏菌肠炎,并发症,菌血症
颧骨颧弓骨折,并发症,眼球内陷
膜迷路积水,并发症,眩晕
免疫抑制药和抗癌药中毒性肾病,并发症,急性肾功能衰竭
免疫抑制药和抗癌药中毒性肾病,并发症,急性肾小管坏死
慢性腰部劳损,并发症,腰肌劳损
慢性酒中毒,并发症,心肌梗死
老年静脉血栓症,并发症,静脉曲张
摩擦黑变病,并发症,抑郁症
慢性酒中毒,并发症,心肌病
恋童癖,并发症,心肌炎
慢性酒中毒,并发症,心律失常
老年性慢性硬膜下血肿,并发症,静脉炎
毛细胞白血病,并发症,结节性多动脉炎
麻疹样红斑,并发症,瘙痒症
老年人泌尿系统感染,并发症,休克
老年人泌尿系统感染,并发症,菌血症
老年人泌尿系统感染,并发症,老年人败血症
老年人慢性肾盂肾炎,并发症,肾功能衰竭
黏膜相关样组织淋巴瘤,并发症,消化不良
内脏动脉慢性闭塞,并发症,急性肠系膜上动脉梗死
内分泌功能亢进,并发症,甲亢性心脏病
内分泌功能亢进,并发症,心律失常
创伤性血胸,并发症,休克
高钠血症,并发症,休克
创伤窒息综合征,并发症,急性心力衰竭
脑缺血性疾病,并发症,心肌梗死
脆甲症,并发症,甲沟炎
小儿肠套叠,并发症,休克
小儿鼻炎,并发症,急性化脓性中耳炎
小儿鼻炎,并发症,急性喉炎
心源性哮喘,并发症,心力衰竭
小儿干燥综合征,并发症,关节炎
非甲状腺性的病态综合征,并发症,静脉曲张
小儿干燥综合征,并发症,角膜炎
副牛痘,并发症,荨麻疹
药物免疫性血小板减少性紫癜,并发症,消化道出血
腹膜后淋巴结炎,并发症,幽门梗阻
阴茎结核疹,并发症,肾结核
阴虚发热,并发症,经行发热
咽白喉,并发症,心肌炎
月经病,并发症,经前期综合征
左前分支传导阻滞,并发症,晕厥
胶样粟丘疹,并发症,瘙痒症
绝经期尿路感染,并发症,急性肾功能衰竭
绝经期尿路感染,并发症,肾结石
颌面部淋巴管瘤,并发症,巨舌
绝经期尿路感染,并发症,肾盂肾炎
急性右侧心力衰竭,并发症,休克
黄瘤,并发症,淋巴瘤
中毒性坏死性表皮松解型药疹,并发症,药疹
脂质沉积性肌病,并发症,心肌病
黄瘤,并发症,巨球蛋白血症
脾约,并发症,心肌梗死
脾约,并发症,心绞痛
屏幕脸,并发症,近视眼
渗出性中耳炎,并发症,过敏性鼻炎
寄生虫妄想,并发症,瘙痒症
疱疹,并发症,眼球震颤
渗出性中耳炎,并发症,鼓室硬化症
咯血,并发症,休克
声带小结,并发症,声带息肉
嗜血细胞综合症,并发症,肾功能衰竭
Ⅰ型免疫母细胞性淋巴腺病,并发症,肝大
Ⅰ型免疫母细胞性淋巴腺病,并发症,血管神经性水肿
声带小结,并发症,先天性声带发育不良
Ⅰ型免疫母细胞性淋巴腺病,并发症,结节性红斑
眶蜂窝织炎,并发症,角膜病
电击伤所致脊髓病,并发症,意识障碍
多发性内分泌肿瘤综合征Ⅰ型,并发症,消化性溃疡
多发性内分泌肿瘤综合征Ⅰ型,并发症,肾结石
多发性末梢神经炎,并发症,进行性延髓麻痹
胃平滑肌瘤,并发症,幽门梗阻
第三脑室肿瘤,并发症,性早熟
第三脑室肿瘤,并发症,性欲减退
第1跖趾骨关节炎,并发症,甲下外生骨疣
维生素A摄入过多,并发症,小儿多动症
表皮松解性棘皮瘤,并发症,瘙痒症
表皮葡萄球菌肺炎,并发症,骨髓炎
表皮葡萄球菌肺炎,并发症,菌血症
表皮痣,并发症,甲沟炎
变异型心绞痛,并发症,急性心肌梗死
围绝经期功能失调性子宫出血,并发症,休克
变异型心绞痛,并发症,心律失常
闭孔疝,并发症,中毒性休克综合征
第三脑室肿瘤,并发症,月经不调
肉痉,并发症,血尿
外阴前庭炎,并发症,阴道痉挛
肉芽肿性前列腺炎,并发症,血尿
妊娠合并心房间隔缺损,并发症,心室间隔缺损
吞入异物,并发症,消化道出血
特发性室性心动过速,并发症,晕厥
特发性室性心动过速,并发症,眩晕
妊娠合并肺结核,并发症,细菌性肺炎
铜绿假单胞菌性角膜炎,并发症,角膜葡萄肿
头部鳞状细胞癌,并发症,颈部淋巴结转移癌
铜绿色假单胞菌肺炎,并发症,消化道出血
千日疮,并发症,角膜炎
全身性红斑狼疮,并发症,肾盂肾炎
曲霉球,并发症,胸膜炎
躯体感染伴发的精神障碍,并发症,精神分裂症
铜绿色假单胞菌肺炎,并发症,胸腔积液
门静脉高压症,并发症,上消化道出血
躯体感染伴发的精神障碍,并发症,抑郁症
梅毒性巩膜炎,并发症,视盘水肿
马方综合征,并发症,脊髓空洞症
马方综合征,并发症,脊柱裂
铜绿色假单胞菌肺炎,并发症,菌血症
特发性皮肤钙化病,并发症,碱性磷酸钙结晶沉积病
马方综合征,并发症,胸主动脉夹层动脉瘤
马方综合征,并发症,晶体脱位
气瘿,并发症,散发性甲状腺肿
卵巢纤维组织来源肿瘤,并发症,纤维肉瘤
老年人慢性疾病性贫血,并发症,肾功能衰竭
绿脓假单胞菌属感染,并发症,甲沟炎
老年人酒精性肝病,并发症,上消化道出血
卵巢炎,并发症,卵巢癌
脑干肿瘤,并发症,意识障碍
脑性瘫痪综合征,并发症,意识障碍
拟除虫菊类农药中毒,并发症,心律失常
骨纤维异常增殖症,并发症,眼球突出
男性性早熟,并发症,巨人症
成人型女性乳房肥大症,并发症,湿疹
产褥中暑,并发症,中暑
习惯性流产,并发症,不孕症
小腿动脉损伤,并发症,下肢静脉曲张
胸痹,并发症,心绞痛
分裂情感性障碍,并发症,精神分裂症
小腿动脉损伤,并发症,胫腓骨骨折
房事两感症,并发症,心肌炎
粉刺样痣,并发症,小汗腺痣
肺功能衰竭,并发症,休克
非典型麻疹综合征,并发症,心肌炎
非典型麻疹综合征,并发症,胸腔积液
反应性穿孔性胶原病,并发症,经行发热
瘀血头痛,并发症,意识障碍
瘀血头痛,并发症,眩晕
阴囊癌,并发症,结肠癌
咽异感症,并发症,抑郁症
阴囊癌,并发症,舌癌
言语障碍,并发症,抑郁症
言语障碍,并发症,意识障碍
转移性骨肿瘤,并发症,淋巴瘤
厚皮性骨膜病,并发症,胸膜炎
黄热病,并发症,休克
结肠阿米巴,并发症,结肠癌
结肠阿米巴,并发症,消化道出血
增生性骨关节病,并发症,膝关节创伤性滑膜炎
甲状腺疾病,并发症,甲亢性心脏病
角膜鳞状细胞癌,并发症,角膜炎
皮克病,并发症,抑郁症
皮样表皮样囊肿,并发症,脊柱裂
斯蒂尔病,并发症,消化性溃疡
皮脂腺腺瘤,并发症,腺癌
胼胝体进行性变性,并发症,心肌梗死
葡萄球菌中毒性休克综合征,并发症,休克
葡萄球菌中毒性休克综合征,并发症,心力衰竭
胼胝体进行性变性,并发症,心肌病
继发性高血压,并发症,心力衰竭
胼胝体进行性变性,并发症,心律失常
继发性高血压,并发症,肾功能衰竭
脾囊肿,并发症,急性腹膜炎
输精管堵塞,并发症,死精症
湿阻,并发症,湿疹
卡氏肺囊虫肺炎,并发症,急性呼吸窘迫综合征
口臭,并发症,焦虑症
水疥,并发症,荨麻疹
湿痹,并发症,眼肌麻痹性偏头痛
口臭,并发症,抑郁症
水疥,并发症,痒疹
水疥,并发症,湿疹
输精管堵塞,并发症,少精子症
Austin型幼儿脑硫脂病,并发症,视神经萎缩
Austin型幼儿脑硫脂病,并发症,眼球震颤
溃疡分枝杆菌感染,并发症,结节病
疔疮,并发症,新生儿泪囊炎
胆热,并发症,急性胆囊炎
多系统萎缩,并发症,抑郁症
多系统萎缩,并发症,晕厥
弹性假黄瘤,并发症,心绞痛
背部弹力纤维瘤,并发症,纤维瘤病
胃纳呆滞,并发症,消化不良
暴发性痤疮,并发症,巩膜炎
软骨外胚层发育不全,并发症,先天性心脏病
融合性网状乳头瘤病,并发症,瘙痒症
特发性胃肠道嗜酸性细胞浸润综合征,并发症,幽门梗阻
特发性胃肠道嗜酸性细胞浸润综合征,并发症,上消化道出血
胎盘部分残留,并发症,休克
头皮撕脱伤,并发症,休克
痰毒,并发症,积聚
听神经瘤,并发症,眩晕
青年心肌梗死,并发症,休克
青年心肌梗死,并发症,心力衰竭
青年心肌梗死,并发症,心律失常
瞀瘛,并发症,伤寒
慢性心功能不全,并发症,休克
慢性心功能不全,并发症,心力衰竭
慢性心功能不全,并发症,下肢静脉血栓形成
泌乳素瘤,并发症,高泌乳素血症
明癣,并发症,甲癣
明癣,并发症,手足癣
丘疹性荨麻疹,并发症,心肌炎
老年人胃食管反流病,并发症,消化性溃疡
老年人肺性脑病,并发症,视盘水肿
念珠菌病,并发症,肾功能衰竭
念珠菌病,并发症,消化道出血
囊性肾病,并发症,眼球震颤
囊性肾病,并发症,肾结石
颞间隙感染,并发症,骨髓炎
男性特纳综合征,并发症,隐睾
老年人胃食管反流病,并发症,上消化道出血
脓疱性细菌疹,并发症,瘙痒症
内分泌性高血压,并发症,心绞痛
肝气不舒,并发症,抑郁症
高致病性禽流感病毒感染,并发症,休克
高致病性禽流感病毒感染,并发症,胸腔积液
成人型慢性粒细胞白血病,并发症,视盘水肿
尘螨过敏,并发症,过敏性鼻炎
膝关节侧副韧带损伤,并发症,膝关节半月板损伤
心血管疾病,并发症,心绞痛
胸椎病,并发症,脊柱侧凸
胸椎病,并发症,脊柱侧弯
钩虫皮炎,并发症,哮喘
高致病性禽流感病毒感染,并发症,急性呼吸窘迫综合征
钩虫皮炎,并发症,荨麻疹
小儿烫伤,并发症,休克
非结核分枝杆菌病,并发症,胸膜炎
眼外伤,并发症,交感性眼炎
副伤寒,并发症,骨髓炎
奋森咽峡炎,并发症,急性扁桃体炎
阴囊坏疽,并发症,心肌炎
肝气不舒,并发症,月经不调
房事头疼症,并发症,紧张性头痛
早产,并发症,新生儿硬肿症
重瞳,并发症,斜视
中性粒细胞减少症,并发症,粒细胞缺乏症
红蝴蝶疮,并发症,瘙痒症
回旋形线状鱼鳞病,并发症,银屑病
急腹症,并发症,休克
脾脓肿,并发症,急性弥漫性腹膜炎
葡萄球菌肺炎,并发症,菌血症
急性肠炎,并发症,结肠癌
输卵管上举,并发症,不孕症
双主动脉弓,并发症,心律失常
食管肉瘤,并发症,食管癌
食管蹼和食管环,并发症,食管破裂
狂病,并发症,精神分裂症
卡波西水痘样疹,并发症,角膜炎
Kartagener综合征,并发症,心室间隔缺损
埃及血吸虫病,并发症,老年人急性左心衰竭
髋臼骨折,并发症,休克
髋臼骨折,并发症,血管损伤
丹毒丝菌病,并发症,菌血症
低血容量性休克,并发症,休克
单纯疱疹病毒感染症,并发症,意识障碍
多发性肌炎和皮肌炎伴发的精神障碍,并发症,精神分裂症
单次发作抑郁症,并发症,精神分裂症
单次发作抑郁症,并发症,焦虑症
单次发作抑郁症,并发症,失眠症
单次发作抑郁症,并发症,性欲减退
完全性房室传导阻滞,并发症,心律失常
完全性房室传导阻滞,并发症,心力衰竭
围生期心肌病,并发症,心律失常
完全性房室传导阻滞,并发症,晕厥
完全性房室传导阻滞,并发症,心性猝死综合征
勃起功能障碍,并发症,阳痿
播散性血管内凝血,并发症,急性呼吸窘迫综合征
乳房缺少症,并发症,急性乳腺炎
妊娠合并甲状旁腺功能亢进,并发症,消化性溃疡
妊娠合并甲状旁腺功能亢进,并发症,肾结石
病毒性上呼吸道感染,并发症,心肌炎
妊娠合并甲状旁腺功能亢进,并发症,肾盂肾炎
热痹,并发症,心肌炎
病毒性出血热,并发症,休克
妊娠合并尖锐湿疣,并发症,细菌性阴道炎
妊娠合并急性阑尾炎,并发症,急性弥漫性腹膜炎
耳真菌病,并发症,瘙痒症
脱水,并发症,嗜睡症
童年情绪障碍,并发症,抑郁症
土肥对称性肢端色素沉着症,并发症,抑郁症
儿童抽动障碍,并发症,抑郁症
儿童抽动障碍,并发症,小儿多动症
外阴瘙痒症,并发症,尖锐湿疣
丘疹紫癜性手套和短袜样综合征,并发症,消化道出血
浅部急性淋巴结炎和淋巴管炎,并发症,菌血症
前纵韧带骨化症,并发症,颈椎病
老年人甲状腺功能低下,并发症,心力衰竭
老年人甲状腺功能低下,并发症,心绞痛
老年人甲状腺功能低下,并发症,心律失常
弥漫性筋膜炎,并发症,胸腔积液
弥漫性筋膜炎,并发症,心包积液
链球菌感染,并发症,心力衰竭
链球菌感染,并发症,急性肾功能衰竭
脓毒症,并发症,休克
内湿,并发症,心力衰竭
脓疱病,并发症,急性淋巴管炎
纳尔逊综合征,并发症,视神经萎缩
脓疱病,并发症,急性淋巴结炎
牛痘样水疱病,并发症,角膜炎
脑血栓形成,并发症,抑郁症
老年人病态窦房结综合征,并发症,晕厥
老年人多发性骨髓瘤,并发症,肾功能衰竭
高尿酸血症肾病,并发症,肾囊肿
干槽症,并发症,牙龈炎
高尿酸血症肾病,并发症,肾功能衰竭
迟发性外伤性脑内血肿,并发症,上消化道出血
高尿酸血症肾病,并发症,肾结石
肠道气囊肿症,并发症,消化道出血
小儿急性胃炎,并发症,休克
小儿甲状腺功能亢进症,并发症,心律失常
小儿食积,并发症,新生儿发热
小儿胃肠炎,并发症,消化道出血
血管性头痛,并发症,眩晕
小儿红白血病,并发症,急性白血病
肺衰,并发症,消化道出血
房室结折返性心动过速,并发症,晕厥
腰椎结核,并发症,关节炎
房室结折返性心动过速,并发症,心源性休克
腰椎滑脱,并发症,休克
坐板疮,并发症,疖
张力性气胸,并发症,胸腔积液
椎动脉型颈椎病,并发症,记忆障碍
椎动脉型颈椎病,并发症,失眠症
幼年型类风湿性关节炎,并发症,胸膜炎
汗证,并发症,硬皮病
汗证,并发症,鱼鳞病
化脓性腮腺炎,并发症,小儿高热
获得性免疫缺陷综合征的心血管损害,并发症,心力衰竭
获得性免疫缺陷综合征的心血管损害,并发症,心肌梗死
获得性免疫缺陷综合征的心血管损害,并发症,心律失常
甲型病毒性肝炎,并发症,结节性多动脉炎
急性单纯性咽炎,并发症,急性肾炎
化学液体吸入,并发症,厌氧菌感染
急性阴道炎,并发症,宫颈糜烂
脊椎炎,并发症,隐性脊柱裂
皮肤卟啉病,并发症,系统性红斑狼疮
皮肤黏膜淋巴结综合征,并发症,心律失常
室性心律失常,并发症,晕厥
室性心律失常,并发症,休克
室性心律失常,并发症,心力衰竭
输卵管囊肿,并发症,宫外孕
输卵管囊肿,并发症,不孕症
渗出性多形红斑,并发症,结节性红斑
虱病,并发症,湿疹
输卵管炎,并发症,宫外孕
输卵管炎,并发症,不孕症
膀胱结核,并发症,肾结核对侧肾积水
膀胱结核,并发症,结核性膀胱自发破裂
膀胱结核,并发症,结核性膀胱挛缩
口腔血管瘤,并发症,血管瘤
登革出血热,并发症,心肌炎
口形红细胞增多症,并发症,肝大
眶内海绵状血管瘤,并发症,眼球运动障碍
登革出血热,并发症,急性呼吸窘迫综合征
癫痫持续状态,并发症,心律失常
胆道结石,并发症,急性化脓性胆管炎
胆道结石,并发症,急性胆源性胰腺炎
大动脉炎,并发症,心绞痛
带状疱疹性角膜炎,并发症,巩膜炎
眶内海绵状血管瘤,并发症,眼球突出
大动脉炎,并发症,心肌梗死
带状疱疹性角膜炎,并发症,视神经炎
外阴佩吉特病,并发症,结肠癌
胃气上逆,并发症,消化不良
无睾症,并发症,阳痿
网瘾,并发症,记忆障碍
外阴佩吉特病,并发症,宫颈癌
妊娠期合并急性胆囊炎,并发症,急性胰腺炎
鼻病,并发症,哮喘
鼻病,并发症,嗅觉障碍
糖尿病性肾病,并发症,急性肾功能衰竭
妊娠合并生殖道沙眼衣原体感染,并发症,新生儿肺炎
痛风性心肌病,并发症,心肌梗死
痛风性心肌病,并发症,心绞痛
头皮脓疱糜烂性皮病,并发症,菌血症
痰厥,并发症,意识障碍
妊娠合并再生障碍性贫血,并发症,心力衰竭
团癣,并发症,手足癣
团癣,并发症,甲癣
恶性黑素瘤,并发症,色素痣
儿童焦虑症,并发症,抑郁症
二尖瓣和主动脉瓣的疾患,并发症,心律失常
全身化脓性感染,并发症,休克
全身化脓性感染,并发症,骨髓炎
全身化脓性感染,并发症,心肌炎
特发性面神经瘫痪,并发症,上睑下垂
特发性心室颤动,并发症,晕厥
特发性心室颤动,并发症,心律失常
免疫性不孕,并发症,不孕症
卵巢支持-间质细胞瘤,并发症,性早熟
淋菌性尿道炎,并发症,精囊炎
老年人高钾血症,并发症,心律失常
老年病,并发症,老年人胃癌
老年病,并发症,老年人急性左心衰竭
老年病,并发症,老年人肺癌
老年病,并发症,老年人心力衰竭
老年病,并发症,老年人低血糖症
老年病,并发症,老年人高血压危象
丘疹坏死性结核疹,并发症,肾结核
老年病,并发症,老年性耳聋
老年人重症肌无力,并发症,胸腺瘤
骨筋膜室综合症,并发症,休克
垂体腺瘤,并发症,纤维肉瘤
传导性耳聋,并发症,眩晕
腹内疝,并发症,休克
腹腔室隔综合征,并发症,急性心功能不全
小儿贲门失弛缓症,并发症,吸入性肺炎
眼结石,并发症,上睑下垂
小儿急性上呼吸道感染,并发症,心肌炎
腹股沟疝,并发症,性功能障碍
小儿肾病综合征,并发症,血尿
乙型肝炎病毒性关节炎,并发症,结节性多动脉炎
胰头癌,并发症,消化道出血
心肾不交,并发症,月经不调
子宫内翻,并发症,休克
子宫积液,并发症,不孕症
支气管结核,并发症,支气管哮喘
烟雾病,并发症,颅内动脉瘤
回旋状脉络膜视网膜萎缩,并发症,眼球震颤
回旋状脉络膜视网膜萎缩,并发症,肌营养不良症
肌肉萎缩,并发症,肌营养不良症
肌肉萎缩,并发症,重症肌无力样综合征
回旋状脉络膜视网膜萎缩,并发症,近视眼
惠普尔病,并发症,胸腔积液
甲状腺肿瘤,并发症,老年人上腔静脉受压综合征
惠普尔病,并发症,角膜炎
绝经期尿失禁,并发症,血尿
混合型肾小管性酸中毒,并发症,肾结石
盆底腹膜疝,并发症,中毒性休克综合征
脾-肝综合征,并发症,消化不良
输卵管结核,并发症,不孕症
皮肌炎与多发性肌炎,并发症,硬皮病
甲状腺功能亢进症的肾损害,并发症,心力衰竭
脾-肝综合征,并发症,消化道出血
沙门氏菌性肠炎,并发症,小肠系膜损伤
皮肌炎与多发性肌炎,并发症,心肌病
甲状腺功能亢进症的肾损害,并发症,甲亢性心脏病
甲状腺功能亢进症的肾损害,并发症,肾病综合征
肾肿瘤,并发症,休克
空肠、回肠憩室,并发症,消化道出血
开放性骨折,并发症,下肢深静脉血栓形成
克里米亚-刚果出血热,并发症,休克
口腔颌面部血管瘤,并发症,抑郁症
肾肿瘤,并发症,血尿
色斑,并发症,色素痣
色素斑,并发症,老年斑
带下病,并发症,宫颈糜烂
大隐静脉曲张,并发症,湿疹
单纯肾异位,并发症,隐睾
无痛性甲状腺炎,并发症,甲状腺功能减退
动脉瘤样骨囊肿,并发症,脊髓压迫症
单纯型精神分裂症,并发症,焦虑症
胆肠内引流术后内疝,并发症,中毒性休克综合征
蚊子叮咬,并发症,丝虫病
无痛性心肌梗死,并发症,心律失常
韦格纳肉芽肿,并发症,睾丸炎
无痛性心肌梗死,并发症,休克
无痛性心肌梗死,并发症,心力衰竭
带状疱疹病毒性巩膜炎,并发症,上睑下垂
多胎妊娠,并发症,先兆流产
胃肿瘤,并发症,幽门梗阻
未分化脊柱关节病,并发症,关节炎
布氏菌病,并发症,视神经炎
乳头炎和乳晕炎,并发症,急性蜂窝组织炎
软产道异常性难产,并发症,新生儿窒息
痰浊眩晕,并发症,甲状腺功能减退
太田痣,并发症,血管瘤
痰火,并发症,眩晕
绦虫病,并发症,视神经萎缩
透析性骨关节病,并发症,心力衰竭
铜绿假单胞菌感染,并发症,休克
体虱,并发症,荨麻疹
体虱,并发症,瘙痒症
Theodore上方角膜缘角结膜炎,并发症,干燥性角结膜炎
兔热病,并发症,骨髓炎
胎毒,并发症,疖
二期梅毒,并发症,性病
儿童腹痛,并发症,休克
二尖瓣环钙化,并发症,心力衰竭
恶性纤维组织细胞瘤,并发症,骨外软骨肉瘤
前牙反合,并发症,抑郁症
二尖瓣狭窄,并发症,心律失常
醛固酮缺乏症,并发症,肾上腺皮质功能减退症
前庭神经元炎,并发症,眩晕
青少年及小儿子宫颈癌,并发症,颈部淋巴结转移癌
青春前期牙周炎,并发症,牙龈炎
二尖瓣关闭不全,并发症,心力衰竭
母儿ABO血型不合,并发症,新生儿胆红素脑病
门静脉高压,并发症,上消化道出血
慢性疲劳综合症,并发症,性欲减退
门静脉高压性胃病,并发症,上消化道出血
老年人心脏猝死,并发症,心肌梗死
老年便秘,并发症,晕厥
老年便秘,并发症,心肌梗死
颅内肿瘤,并发症,性早熟
颅内肿瘤,并发症,眼球震颤
老年人高血压,并发症,心肌梗死
慢性鼻咽炎,并发症,咽囊炎
卵巢囊肿蒂扭转,并发症,月经不调
脑干梗塞,并发症,下肢深静脉血栓形成
男性病,并发症,性交疼痛
睾丸囊肿,并发症,精索静脉曲张
更年期角化症,并发症,甲状腺功能减退
脑干梗塞,并发症,吸入性肺炎
女性性高潮障碍,并发症,性功能障碍
更年期角化症,并发症,神经性皮炎
成人斯蒂尔病,并发症,消化性溃疡
Castleman病,并发症,血栓性血小板减少性紫癜
创伤性耳聋,并发症,眩晕
肠道寄生虫病,并发症,细菌性痢疾
高脂血症,并发症,心肌梗死
许莫氏结节,并发症,血管损伤
小细胞肺癌,并发症,心律失常
血虚眩晕,并发症,失眠症
放射性甲状腺炎,并发症,甲状腺癌
复发性多软骨炎性,并发症,视盘水肿
腓骨肌萎缩症,并发症,视神经萎缩
风湿性疾病,并发症,心力衰竭
乙型肝炎抗原血症,并发症,原发性肝癌
牙周脓肿,并发症,菌血症
牙病,并发症,牙周萎缩
肢端肥大症,并发症,视神经萎缩
子宫颈平滑肌瘤,并发症,不孕症
肢端肥大症,并发症,心律失常
喉气囊肿,并发症,经行发热
颌面部放线菌病,并发症,骨髓炎
颈丛神经卡压症,并发症,颈椎病
急性浅表性包皮龟头炎,并发症,性功能障碍
酒精性脂肪肝,并发症,上消化道出血
急性浅表性包皮龟头炎,并发症,肾盂肾炎
急性浅表性包皮龟头炎,并发症,睾丸炎
急性冠脉综合征,并发症,胸膜炎
脊髓损伤,并发症,下肢静脉血栓形成
脊髓损伤,并发症,上消化道出血
急性冠脉综合征,并发症,心力衰竭
急性冠脉综合征,并发症,心肌梗死
急性冠脉综合征,并发症,休克
急性冠脉综合征,并发症,下肢静脉血栓形成
寄生虫病,并发症,急性阑尾炎
急性浅表性包皮龟头炎,并发症,早泄
急性冠脉综合征,并发症,心律失常
疱疹性咽炎,并发症,小儿高热
生殖细胞瘤,并发症,意识障碍
输卵管畸形,并发症,宫外孕
酸中毒,并发症,肾小管性酸中毒
溃疡病穿孔,并发症,休克
溃疡病穿孔,并发症,急性腹膜炎
眶骨髓炎,并发症,眼球运动障碍
口水强迫症,并发症,精神分裂症
淀粉样变性周围神经病,并发症,巨舌
冬季瘙痒症,并发症,瘙痒症
柯萨奇病毒感染,并发症,心肌炎
胆碱能性荨麻疹,并发症,休克
抗-HCVAg阳性,并发症,心肌炎
抗-HCVAg阳性,并发症,胸膜炎
抗-HCVAg阳性,并发症,关节炎
电脑病,并发症,失眠症
溃疡性皮肤结核,并发症,颈部淋巴结结核
口腔颌面部损伤,并发症,牙外伤
化脓性乳腺炎,并发症,菌血症
α1-抗胰蛋白酶缺乏性脂膜炎,并发症,胸腔积液
阿尔茨海默病性痴呆,并发症,血管性痴呆
α1-抗胰蛋白酶缺乏性脂膜炎,并发症,静脉炎
动脉粥样硬化,并发症,心绞痛
维生素D中毒,并发症,肾功能衰竭
维生素B1缺乏症,并发症,急性淋巴管炎
维生素B1缺乏症,并发症,甲癣
完全流产,并发症,不孕症
胃肠积液,并发症,结核性腹膜炎
斑疹伤寒,并发症,心肌炎
围绝经期综合征,并发症,老年性阴道炎
围绝经期综合征,并发症,眩晕
围绝经期综合征,并发症,性交疼痛
围绝经期综合征,并发症,心绞痛
胃石症,并发症,幽门梗阻
乳糜胸,并发症,肾病综合征
妊娠合并风湿性心脏病,并发症,心力衰竭
妊娠合并风湿性心脏病,并发症,心律失常
桡骨远端骨折,并发症,老年人骨质疏松
儿童口吃,并发症,遗尿
恶性葡萄胎,并发症,休克
耳源性脑积水,并发症,视神经萎缩
儿童遗粪症,并发症,遗尿症
恶性组织细胞病,并发症,消化道出血
腔隙性脑梗死,并发症,抑郁症
脐炎,并发症,休克
气压创伤性中耳炎,并发症,眩晕
霉菌性尿道炎,并发症,不孕症
儿童睡眠障碍,并发症,失眠症
儿童睡眠障碍,并发症,焦虑症
螨皮炎,并发症,哮喘
慢性卡他性结膜炎,并发症,巩膜炎
母乳性腹泻,并发症,小儿营养不良
老年人低血压,并发症,心肌梗死
老年人肺炎,并发症,心律失常
脓疱型银屑病,并发症,湿疹
老年人流行性感冒,并发症,急性肾功能衰竭
老年人肾病综合征,并发症,急性肾功能衰竭
女性癫痫,并发症,抑郁症
老年人肾病综合征,并发症,急性肾小管坏死
老年人肾病综合征,并发症,肾前性肾功能衰竭
老年人肾病综合征,并发症,下肢静脉血栓形成
老年人流行性感冒,并发症,细菌性肺炎
念珠菌阴道炎,并发症,不孕症
老年人肺炎,并发症,休克
老年人低血压,并发症,心绞痛
慢性卡他性结膜炎,并发症,角膜炎
老视,并发症,结膜结核病
老视,并发症,眼睑湿疹
老视,并发症,结膜干燥症
慢性肾功能不全,并发症,心力衰竭
慢性肾功能不全,并发症,心肌病
睾丸畸形,并发症,精索静脉曲张
成人硬肿症,并发症,急性肾功能衰竭
干血痨,并发症,宫外孕
先天性肾上腺皮质增生症,并发症,隐睾
心脑血管疾病,并发症,肾功能衰竭
心脑血管疾病,并发症,心绞痛
睾丸畸形,并发症,睾丸炎
脑血管病,并发症,肾功能衰竭
心房颤动,并发症,心律失常
阴冷,并发症,阳痿
非淋性前列腺炎,并发症,精囊炎
阴茎珍珠疹,并发症,性功能障碍
牙斑,并发症,牙龈炎
牙斑,并发症,牙周病
原发性痛经,并发症,焦虑症
牙结石,并发症,牙龈炎
复发性多软骨炎,并发症,巩膜炎
自身敏感性皮炎,并发症,瘙痒症
红皮病,并发症,心肌炎
红皮病,并发症,肾盂肾炎
甲状腺弥漫性病变,并发症,甲状腺相关眼病
回乳,并发症,急性乳腺炎
红皮病,并发症,淋巴瘤
足癣,并发症,甲癣
足癣,并发症,手癣
回乳,并发症,急性化脓性乳腺炎
急性荨麻疹,并发症,休克
盆腔炎症性不孕症,并发症,结核性腹膜炎
盆腔腹膜炎,并发症,急性弥漫性腹膜炎
疱疹性口腔炎,并发症,小儿高热
盆腔炎症性不孕症,并发症,月经不调
急性包皮炎,并发症,性功能障碍
膀胱湿热,并发症,肾盂肾炎
急性尿道炎,并发症,宫外孕
葡萄膜恶性黑色素瘤,并发症,巩膜炎
急性尿道炎,并发症,不孕症
急性尿道炎,并发症,睾丸炎
急性尿道炎,并发症,早泄
开放性气胸,并发症,胸腔积液
食管炎,并发症,吸入性肺炎
克罗恩病关节炎,并发症,结节性红斑
克罗恩病关节炎,并发症,关节炎
矮小症,并发症,小儿不对称身材-矮小-性发育异常综合征
Kimura病,并发症,支气管哮喘
溃疡病出血,并发症,休克
溃疡病出血,并发症,晕厥
肾病,并发症,急性肾功能衰竭
神经性耳鸣,并发症,抑郁症
眶底骨折,并发症,眼球突出
冻伤,并发症,休克
短暂性棘皮松解皮肤病,并发症,痒疹
胃溃疡出血,并发症,休克
冻伤,并发症,心动过缓
不动杆菌感染,并发症,骨髓炎
剥脱性皮炎,并发症,淋巴瘤
避孕后闭经综合征,并发症,不孕症
乳房外湿疹样癌,并发症,瘙痒症
头风病,并发症,意识障碍
头风病,并发症,眩晕
胎儿生长受限,并发症,新生儿窒息
头风病,并发症,心律失常
特发性震颤,并发症,痉挛性斜颈
特发性肺含铁血黄素沉着症,并发症,心肌病
乳腺疾病,并发症,月经不调
特发性震颤,并发症,书写痉挛
二度房室传导阻滞,并发症,晕厥
呃逆,并发症,消化不良
二尖瓣闭锁不全,并发症,心力衰竭
额颞痴呆,并发症,抑郁症
二尖瓣、主动脉瓣和三尖瓣的合并疾患,并发症,心律失常
耳湿疹,并发症,嗜血流感杆菌的皮肤感染
二度房室传导阻滞,并发症,心绞痛
气胀,并发症,幽门梗阻
强迫性障碍,并发症,抑郁症
缺血性肠炎,并发症,休克
缺血性肠炎,并发症,心脏病
密集恐惧症,并发症,抑郁症
马蹄形肾,并发症,小儿唐氏综合征
钱币状湿疹,并发症,瘙痒症
卵巢宫内膜样肿瘤,并发症,经行发热
流行性脑脊髓膜炎,并发症,先天性脑积水
卵巢黄体囊肿破裂,并发症,休克
黧黑斑,并发症,月经不调
女性假两性畸形,并发症,不孕症
流行性脑脊髓膜炎,并发症,心肌炎
流行性脑脊髓膜炎,并发症,睾丸炎
男假两性畸形,并发症,隐睾
男科病,并发症,性交疼痛
纳氏囊肿,并发症,宫颈癌
腘动脉陷迫综合征,并发症,下肢深静脉血栓形成
冠状动脉供血不足,并发症,心绞痛
成人全垂体功能减退,并发症,阳痿
睾丸鞘膜积液,并发症,丝虫病
股神经痛,并发症,小舞蹈病
男假两性畸形,并发症,小阴茎
侧颅底肿瘤,并发症,嗅觉障碍
肺气虚,并发症,心力衰竭
充血性心力衰竭,并发症,心律失常
放射性食管炎,并发症,食管癌
粉碎性骨折,并发症,下肢深静脉血栓形成
粉碎性骨折,并发症,休克
肺热咳嗽,并发症,经行发热
环状红斑,并发症,子宫癌
黄体萎缩不全,并发症,月经不调
巨乳症,并发症,湿疹
咽喉癌,并发症,咽部混合瘤
绝经后子宫颈癌,并发症,休克
巨乳症,并发症,关节炎
环状红斑,并发症,卵巢癌
甲状腺炎,并发症,甲亢
帕金森病性痴呆,并发症,抑郁症
皮肤子宫内膜异位症,并发症,性交疼痛
胼胝,并发症,鸡眼
膀胱肿瘤,并发症,颈部淋巴结转移癌
筋膜炎,并发症,胸腔积液
精神病,并发症,抑郁症
精神病,并发症,焦虑症
筋膜炎,并发症,心包积液
口糜,并发症,伤寒
溃疡性结肠炎性关节炎,并发症,结肠癌
恐惧症,并发症,抑郁症
溃疡性结肠炎性关节炎,并发症,休克
恐怖症,并发症,焦虑症
恐怖性焦虑障碍,并发症,抑郁症
抗体免疫缺陷病,并发症,心肌炎
癫痫性精神障碍,并发症,消化不良
肾盂旁囊肿,并发症,肾积水
肾盂旁囊肿,并发症,肾脏损伤
抗体免疫缺陷病,并发症,选择性IgA缺乏症
单纯红细胞再障性贫血,并发症,眩晕
癫狂病,并发症,精神分裂症
大脑萎缩,并发症,记忆障碍
胃出血,并发症,休克
电解质紊乱,并发症,意识障碍
电解质紊乱,并发症,眩晕
白屑风,并发症,皲裂疮
人蠕形螨病,并发症,酒渣鼻
便秘性结肠炎,并发症,结肠粪性穿孔
特异性前列腺炎,并发症,性功能障碍
头部脂溢性皮炎,并发症,酒渣鼻
体寒,并发症,不孕症
烫伤,并发症,急性肾功能衰竭
体寒,并发症,月经不调
耳鸣,并发症,咽鼓管阻塞
烫伤,并发症,休克
体质性低血压,并发症,眩晕
烫伤,并发症,急性呼吸衰竭
二糖酶缺乏症,并发症,小儿呕吐
恶性蓝痣,并发症,结节病
恶性胸腔积液,并发症,心力衰竭
恶性小汗腺螺旋腺瘤,并发症,颅内转移瘤
骨癌,并发症,肾功能衰竭
骨膜炎,并发症,骨髓炎
念珠菌性包皮龟头炎,并发症,睾丸炎
宫颈癌前病变,并发症,肾功能衰竭
宫颈湿疣,并发症,宫颈癌
跟痛症,并发症,跟骨骨髓炎
抽动障碍,并发症,焦虑症
老年人糖尿病,并发症,心肌梗死
产后劳伤,并发症,腰肌劳损
会厌炎,并发症,小儿高热
黄体血肿,并发症,月经不调
妇科病,并发症,不孕症
喉水肿,并发症,休克
急性肺炎,并发症,休克
阿斯伯格综合症,并发症,抑郁症
化脓性中耳炎,并发症,颅内低压性头痛
阿-斯综合征,并发症,吸入性肺炎
盆腔疾病,并发症,月经不调
盆腔疾病,并发症,不孕症
α1抗胰蛋白酶缺乏性肝病,并发症,上消化道出血
阿斯匹林不耐受三联症,并发症,休克
阿米巴性阴道炎,并发症,休克
溃疡性肠炎,并发症,角膜炎
溃疡性肠炎,并发症,结节性红斑
溃疡性肠炎,并发症,结肠癌
溃疡性肠炎,并发症,下消化道出血
大疱性类天疱疮,并发症,瘙痒症
多肌炎,并发症,心律失常
窦性心动过缓,并发症,心绞痛
窦性心动过缓,并发症,晕厥
胆管结石,并发症,急性化脓性胆管炎
Ehler-Danlos综合征,并发症,消化道出血
耳硬化症,并发症,鼓室硬化症
儿童尖锐湿疣,并发症,牙龈炎
II型糖尿病,并发症,肾脏损伤
II型肾小管性酸中毒,并发症,肾功能衰竭
I型肾小管性酸中毒,并发症,肾功能衰竭
I型肾小管性酸中毒,并发症,纤维性骨炎
龟头珍珠疹,并发症,性功能障碍
滑膜炎、痤疮、脓疱病、骨肥厚、骨髓炎综合,并发症,银屑病
肠粘连,并发症,继发性化脓性腹膜炎
会厌囊肿,并发症,休克
阿片中毒,并发症,休克
癌症伴发的精神障碍,并发症,抑郁症
埃博拉病毒病,并发症,睾丸炎
癌症伴发的精神障碍,并发症,焦虑症
埃博拉病毒病,并发症,心肌炎
阿尔茨海默病,并发症,焦虑症
阿尔茨海默病,并发症,抑郁症
滴虫性包皮龟头炎,并发症,睾丸炎
埃莱尔-当洛综合征,并发症,先天性心脏病
安眠药中毒,并发症,嗜睡症
阿片类药物中毒,并发症,休克
闭锁综合征,并发症,上消化道出血
鼻咽炎,并发症,急性鼻炎
鼻咽炎,并发症,急性扁桃体炎
恶性肿瘤,并发症,脊髓压迫症
阿司匹林诱发哮喘,并发症,休克
埃利希体病,并发症,消化道出血
埃布斯坦综合征,并发症,心律失常
